"날짜","종가","시가","고가","저가","변동 %"
"2026- 04- 28","3.714","3.706","3.714","3.693","0.71%"
"2026- 04- 27","3.688","3.688","3.704","3.674","0.52%"
"2026- 04- 24","3.669","3.716","3.734","3.667","-0.76%"
"2026- 04- 23","3.697","3.713","3.713","3.684","0.35%"
"2026- 04- 22","3.684","3.708","3.711","3.668","-0.08%"
"2026- 04- 21","3.687","3.660","3.700","3.660","0.96%"
"2026- 04- 20","3.652","3.663","3.687","3.647","0.36%"
"2026- 04- 17","3.639","3.704","3.706","3.626","-1.33%"
"2026- 04- 16","3.688","3.702","3.715","3.680","-0.24%"
"2026- 04- 15","3.697","3.704","3.729","3.694","0.14%"
"2026- 04- 14","3.692","3.689","3.708","3.684","0.08%"
"2026- 04- 13","3.689","3.730","3.764","3.684","-0.30%"
"2026- 04- 10","3.700","3.704","3.724","3.668","0.54%"
"2026- 04- 09","3.680","3.704","3.709","3.653","-0.14%"
"2026- 04- 08","3.685","3.640","3.696","3.621","-0.30%"
"2026- 04- 07","3.696","3.726","3.747","3.648","-0.38%"
"2026- 04- 06","3.710","3.729","3.745","3.705","-0.13%"
"2026- 04- 03","3.715","3.681","3.758","3.678","1.23%"
"2026- 04- 02","3.670","3.701","3.732","3.665","0.03%"
"2026- 04- 01","3.669","3.677","3.695","3.639","-0.14%"
"2026- 03- 31","3.674","3.720","3.752","3.658","-1.10%"
"2026- 03- 30","3.715","3.774","3.795","3.704","-1.35%"
"2026- 03- 27","3.766","3.828","3.894","3.760","-1.49%"
"2026- 03- 26","3.823","3.777","3.855","3.777","1.35%"
"2026- 03- 25","3.772","3.791","3.810","3.761","-0.92%"
"2026- 03- 24","3.807","3.778","3.880","3.770","1.49%"
"2026- 03- 23","3.751","3.829","3.952","3.741","-1.70%"
"2026- 03- 20","3.816","3.762","3.848","3.762","1.54%"
"2026- 03- 19","3.758","3.699","3.819","3.699","2.48%"
"2026- 03- 18","3.667","3.635","3.704","3.624","1.07%"
"2026- 03- 17","3.628","3.649","3.649","3.617","0.00%"
"2026- 03- 16","3.628","3.652","3.657","3.620","-0.44%"
"2026- 03- 13","3.644","3.674","3.674","3.626","-0.46%"
"2026- 03- 12","3.661","3.624","3.672","3.589","2.01%"
"2026- 03- 11","3.589","3.582","3.603","3.568","0.96%"
"2026- 03- 10","3.555","3.569","3.587","3.542","-0.53%"
"2026- 03- 09","3.574","3.582","3.609","3.545","0.82%"
"2026- 03- 06","3.545","3.594","3.617","3.532","-1.28%"
"2026- 03- 05","3.591","3.578","3.612","3.578","0.36%"
"2026- 03- 04","3.578","3.562","3.583","3.551","0.68%"
"2026- 03- 03","3.554","3.560","3.648","3.546","0.23%"
"2026- 03- 02","3.546","3.496","3.552","3.490","1.90%"
"2026- 02- 27","3.480","3.529","3.536","3.477","-1.16%"
"2026- 02- 26","3.521","3.540","3.550","3.513","-0.14%"
"2026- 02- 25","3.526","3.521","3.548","3.521","0.20%"
"2026- 02- 24","3.519","3.521","3.529","3.508","0.46%"
"2026- 02- 23","3.503","3.532","3.548","3.503","-0.31%"
"2026- 02- 20","3.514","3.512","3.524","3.492","0.46%"
"2026- 02- 19","3.498","3.509","3.514","3.490","0.20%"
"2026- 02- 18","3.491","3.491","3.501","3.480","0.43%"
"2026- 02- 17","3.476","3.444","3.487","3.431","1.31%"
"2026- 02- 16","3.431","3.442","3.442","3.431","0.15%"
"2026- 02- 13","3.426","3.461","3.474","3.421","-0.78%"
"2026- 02- 12","3.453","3.483","3.496","3.443","-0.40%"
"2026- 02- 11","3.467","3.416","3.491","3.406","1.79%"
"2026- 02- 10","3.406","3.449","3.451","3.401","-0.79%"
"2026- 02- 09","3.433","3.460","3.465","3.425","-0.38%"
"2026- 02- 06","3.446","3.431","3.462","3.428","-0.03%"
"2026- 02- 05","3.447","3.509","3.509","3.426","-1.23%"
"2026- 02- 04","3.490","3.509","3.519","3.487","-0.23%"
"2026- 02- 03","3.498","3.509","3.519","3.487","0.06%"
"2026- 02- 02","3.496","3.483","3.512","3.469","0.55%"
"2026- 01- 30","3.477","3.521","3.526","3.475","-0.49%"
"2026- 01- 29","3.494","3.521","3.537","3.494","-0.68%"
"2026- 01- 28","3.518","3.519","3.529","3.505","0.37%"
"2026- 01- 27","3.505","3.529","3.548","3.500","-0.23%"
"2026- 01- 26","3.513","3.548","3.548","3.513","-0.40%"
"2026- 01- 23","3.527","3.549","3.554","3.516","-0.17%"
"2026- 01- 22","3.533","3.544","3.557","3.528","0.06%"
"2026- 01- 21","3.531","3.520","3.541","3.515","0.06%"
"2026- 01- 20","3.529","3.569","3.582","3.527","-1.06%"
"2026- 01- 19","3.567","3.567","3.567","3.567","0.39%"
"2026- 01- 16","3.553","3.552","3.572","3.540","0.40%"
"2026- 01- 15","3.539","3.510","3.546","3.507","1.00%"
"2026- 01- 14","3.504","3.523","3.531","3.496","-0.17%"
"2026- 01- 13","3.510","3.526","3.542","3.494","-0.37%"
"2026- 01- 12","3.523","3.510","3.542","3.510","0.37%"
"2026- 01- 09","3.510","3.500","3.521","3.489","0.75%"
"2026- 01- 08","3.484","3.490","3.532","3.479","0.14%"
"2026- 01- 07","3.479","3.501","3.501","3.466","0.00%"
"2026- 01- 06","3.479","3.485","3.495","3.471","0.38%"
"2026- 01- 05","3.466","3.491","3.496","3.466","-0.17%"
"2026- 01- 02","3.472","3.485","3.501","3.469","-0.25%"
"2026- 01- 01","3.481","3.481","3.481","3.481","0.16%"
"2025- 12- 31","3.475","3.486","3.499","3.470","0.14%"
"2025- 12- 30","3.470","3.500","3.505","3.470","-0.32%"
"2025- 12- 29","3.481","3.506","3.508","3.479","-0.32%"
"2025- 12- 26","3.492","3.509","3.514","3.476","-0.56%"
"2025- 12- 25","3.512","3.522","3.522","3.509","0.17%"
"2025- 12- 24","3.506","3.530","3.544","3.498","-0.68%"
"2025- 12- 23","3.530","3.559","3.564","3.524","0.09%"
"2025- 12- 22","3.527","3.533","3.546","3.514","0.37%"
"2025- 12- 19","3.514","3.507","3.525","3.495","0.60%"
"2025- 12- 18","3.493","3.515","3.534","3.483","-0.48%"
"2025- 12- 17","3.510","3.537","3.550","3.507","0.00%"
"2025- 12- 16","3.510","3.523","3.558","3.497","-0.45%"
"2025- 12- 15","3.526","3.537","3.569","3.494","-0.40%"
"2025- 12- 12","3.540","3.572","3.596","3.532","-0.39%"
"2025- 12- 11","3.554","3.583","3.602","3.538","-1.20%"
"2025- 12- 10","3.597","3.629","3.650","3.570","-0.88%"
"2025- 12- 09","3.629","3.616","3.637","3.605","0.50%"
"2025- 12- 08","3.611","3.614","3.629","3.603","0.14%"
"2025- 12- 05","3.606","3.612","3.614","3.589","0.28%"
"2025- 12- 04","3.596","3.585","3.598","3.572","0.76%"
"2025- 12- 03","3.569","3.599","3.607","3.559","-0.70%"
"2025- 12- 02","3.594","3.615","3.620","3.588","-0.50%"
"2025- 12- 01","3.612","3.610","3.618","3.591","0.28%"
"2025- 11- 28","3.602","3.605","3.624","3.578","-0.10%"
"2025- 11- 27","3.605","3.603","3.608","3.603","0.00%"
"2025- 11- 26","3.606","3.603","3.616","3.595","-0.17%"
"2025- 11- 25","3.612","3.639","3.649","3.609","-0.14%"
"2025- 11- 24","3.617","3.655","3.657","3.617","-0.30%"
"2025- 11- 21","3.628","3.664","3.682","3.604","-0.90%"
"2025- 11- 20","3.661","3.688","3.720","3.640","-0.87%"
"2025- 11- 19","3.693","3.667","3.693","3.656","0.79%"
"2025- 11- 18","3.664","3.715","3.723","3.651","-0.81%"
"2025- 11- 17","3.694","3.708","3.721","3.694","-0.22%"
"2025- 11- 14","3.702","3.698","3.713","3.644","0.49%"
"2025- 11- 13","3.684","3.666","3.719","3.660","0.71%"
"2025- 11- 12","3.658","3.666","3.695","3.639","-0.15%"
"2025- 11- 11","3.664","3.674","3.674","3.664","0.07%"
"2025- 11- 10","3.661","3.648","3.674","3.642","0.80%"
"2025- 11- 07","3.632","3.659","3.685","3.619","-0.60%"
"2025- 11- 06","3.654","3.708","3.737","3.635","-1.46%"
"2025- 11- 05","3.708","3.695","3.716","3.665","0.95%"
"2025- 11- 04","3.673","3.706","3.711","3.671","-0.60%"
"2025- 11- 03","3.695","3.711","3.711","3.674","-0.22%"
"2025- 10- 31","3.703","3.704","3.717","3.694","0.19%"
"2025- 10- 30","3.696","3.747","3.750","3.678","0.57%"
"2025- 10- 29","3.675","3.582","3.710","3.564","1.83%"
"2025- 10- 28","3.609","3.638","3.641","3.591","0.36%"
"2025- 10- 27","3.596","3.610","3.665","3.588","0.14%"
"2025- 10- 24","3.591","3.594","3.650","3.556","-0.25%"
"2025- 10- 23","3.600","3.568","3.602","3.565","1.04%"
"2025- 10- 22","3.563","3.571","3.608","3.560","-0.08%"
"2025- 10- 21","3.566","3.571","3.584","3.560","0.08%"
"2025- 10- 20","3.563","3.569","3.592","3.561","0.00%"
"2025- 10- 17","3.563","3.564","3.578","3.523","0.42%"
"2025- 10- 16","3.548","3.626","3.652","3.548","-1.93%"
"2025- 10- 15","3.618","3.613","3.631","3.589","0.75%"
"2025- 10- 14","3.591","3.621","3.648","3.575","-0.76%"
"2025- 10- 13","3.618","3.610","3.618","3.610","0.37%"
"2025- 10- 10","3.605","3.662","3.691","3.600","-1.50%"
"2025- 10- 09","3.660","3.673","3.686","3.649","0.08%"
"2025- 10- 08","3.657","3.671","3.684","3.646","0.05%"
"2025- 10- 07","3.655","3.671","3.681","3.649","-0.08%"
"2025- 10- 06","3.658","3.653","3.684","3.644","0.52%"
"2025- 10- 03","3.639","3.645","3.658","3.615","0.41%"
"2025- 10- 02","3.624","3.616","3.667","3.616","0.14%"
"2025- 10- 01","3.619","3.718","3.718","3.619","-0.08%"
"2025- 09- 30","3.622","3.663","3.678","3.620","-0.96%"
"2025- 09- 29","3.657","3.666","3.684","3.633","-0.38%"
"2025- 09- 26","3.671","3.691","3.698","3.666","-0.38%"
"2025- 09- 25","3.685","3.632","3.696","3.627","1.46%"
"2025- 09- 24","3.632","3.619","3.648","3.616","0.28%"
"2025- 09- 23","3.622","3.611","3.638","3.608","0.30%"
"2025- 09- 22","3.611","3.606","3.625","3.598","0.06%"
"2025- 09- 19","3.609","3.626","3.641","3.590","-0.25%"
"2025- 09- 18","3.618","3.615","3.644","3.604","0.36%"
"2025- 09- 17","3.605","3.639","3.650","3.575","-0.58%"
"2025- 09- 16","3.626","3.648","3.664","3.624","-0.52%"
"2025- 09- 15","3.645","3.691","3.739","3.629","-0.60%"
"2025- 09- 12","3.667","3.641","3.672","3.641","0.88%"
"2025- 09- 11","3.635","3.684","3.697","3.614","-0.68%"
"2025- 09- 10","3.660","3.722","3.722","3.654","-0.52%"
"2025- 09- 09","3.679","3.650","3.695","3.639","1.18%"
"2025- 09- 08","3.636","3.663","3.682","3.628","-0.30%"
"2025- 09- 05","3.647","3.766","3.781","3.623","-2.95%"
"2025- 09- 04","3.758","3.774","3.801","3.755","-0.37%"
"2025- 09- 03","3.772","3.812","3.841","3.769","-1.80%"
"2025- 09- 02","3.841","3.868","3.884","3.820","-0.57%"
"2025- 09- 01","3.863","3.860","3.863","3.860","0.29%"
"2025- 08- 29","3.852","3.872","3.882","3.839","-0.39%"
"2025- 08- 28","3.867","3.867","3.945","3.854","0.55%"
"2025- 08- 27","3.846","3.875","3.894","3.838","-0.62%"
"2025- 08- 26","3.870","3.900","3.919","3.865","-0.77%"
"2025- 08- 25","3.900","3.895","3.919","3.892","0.54%"
"2025- 08- 22","3.879","3.973","3.986","3.865","-2.17%"
"2025- 08- 21","3.965","3.917","3.973","3.917","1.35%"
"2025- 08- 20","3.912","3.931","3.941","3.893","-0.20%"
"2025- 08- 19","3.920","3.947","3.961","3.918","-0.43%"
"2025- 08- 18","3.937","3.943","3.945","3.921","0.28%"
"2025- 08- 15","3.926","3.925","3.940","3.894","0.38%"
"2025- 08- 14","3.911","3.866","3.925","3.847","1.37%"
"2025- 08- 13","3.858","3.909","3.928","3.855","-1.03%"
"2025- 08- 12","3.898","3.950","3.957","3.890","-0.76%"
"2025- 08- 11","3.928","3.939","3.955","3.920","0.05%"
"2025- 08- 08","3.926","3.927","3.939","3.918","0.18%"
"2025- 08- 07","3.919","3.908","3.927","3.900","0.49%"
"2025- 08- 06","3.900","3.943","3.949","3.898","-0.54%"
"2025- 08- 05","3.921","3.850","3.938","3.844","1.79%"
"2025- 08- 04","3.852","3.882","3.901","3.836","-1.10%"
"2025- 08- 01","3.895","4.121","4.136","3.853","-5.48%"
"2025- 07- 31","4.121","4.154","4.188","4.105","-0.60%"
"2025- 07- 30","4.146","4.090","4.149","4.076","1.44%"
"2025- 07- 29","4.087","4.120","4.122","4.082","-0.34%"
"2025- 07- 28","4.101","4.117","4.136","4.098","0.00%"
"2025- 07- 25","4.101","4.116","4.136","4.096","-0.22%"
"2025- 07- 24","4.110","4.113","4.118","4.091","0.64%"
"2025- 07- 23","4.084","4.087","4.097","4.068","0.52%"
"2025- 07- 22","4.063","4.090","4.103","4.057","-0.27%"
"2025- 07- 21","4.074","4.084","4.125","4.066","-0.07%"
"2025- 07- 18","4.077","4.097","4.131","4.069","-0.68%"
"2025- 07- 17","4.105","4.100","4.129","4.080","0.74%"
"2025- 07- 16","4.075","4.159","4.170","4.057","-1.07%"
"2025- 07- 15","4.119","4.119","4.135","4.081","0.86%"
"2025- 07- 14","4.084","4.095","4.130","4.073","-0.22%"
"2025- 07- 11","4.093","4.080","4.114","4.079","0.52%"
"2025- 07- 10","4.072","4.072","4.091","4.064","0.00%"
"2025- 07- 09","4.072","4.126","4.140","4.070","-1.09%"
"2025- 07- 08","4.117","4.112","4.141","4.096","0.78%"
"2025- 07- 07","4.085","4.080","4.128","4.051","0.19%"
"2025- 07- 03","4.077","4.021","4.110","3.976","2.01%"
"2025- 07- 02","3.997","4.007","4.047","3.961","-0.04%"
"2025- 07- 01","3.999","3.980","4.017","3.961","0.80%"
"2025- 06- 30","3.967","3.997","4.020","3.970","-0.14%"
"2025- 06- 27","3.972","3.981","4.034","3.973","0.25%"
"2025- 06- 26","3.963","4.011","4.046","3.965","-0.55%"
"2025- 06- 25","3.984","4.033","4.043","3.990","-0.81%"
"2025- 06- 24","4.017","4.033","4.076","4.001","-0.04%"
"2025- 06- 23","4.019","4.085","4.103","4.007","-1.20%"
"2025- 06- 20","4.067","4.107","4.120","4.069","-1.36%"
"2025- 06- 19","4.123","4.363","4.363","4.123","0.92%"
"2025- 06- 18","4.086","4.122","4.153","4.078","-0.38%"
"2025- 06- 17","4.101","4.111","4.135","4.087","0.06%"
"2025- 06- 16","4.099","4.106","4.128","4.098","0.62%"
"2025- 06- 13","4.074","4.104","4.118","4.055","0.31%"
"2025- 06- 12","4.061","4.086","4.099","4.032","-0.27%"
"2025- 06- 11","4.072","4.223","4.223","4.078","-1.18%"
"2025- 06- 10","4.121","4.160","4.179","4.117","-0.43%"
"2025- 06- 09","4.139","4.155","4.203","4.141","-0.14%"
"2025- 06- 06","4.145","4.108","4.161","4.083","1.86%"
"2025- 06- 05","4.069","4.084","4.103","4.057","0.02%"
"2025- 06- 04","4.068","4.149","4.154","4.073","-1.28%"
"2025- 06- 03","4.121","4.168","4.168","4.114","-0.04%"
"2025- 06- 02","4.122","4.139","4.141","4.122","0.32%"
"2025- 05- 30","4.109","4.169","4.182","4.109","-0.54%"
"2025- 05- 29","4.132","4.181","4.226","4.135","-0.65%"
"2025- 05- 28","4.159","4.197","4.200","4.146","0.45%"
"2025- 05- 27","4.141","4.157","4.219","4.141","-0.33%"
"2025- 05- 26","4.154","4.154","4.154","4.154","0.46%"
"2025- 05- 23","4.136","4.156","4.160","4.084","0.20%"
"2025- 05- 22","4.128","4.156","4.259","4.113","0.09%"
"2025- 05- 21","4.124","4.132","4.175","4.129","0.25%"
"2025- 05- 20","4.113","4.165","4.165","4.111","-0.07%"
"2025- 05- 19","4.116","4.144","4.187","4.119","-0.20%"
"2025- 05- 16","4.125","4.123","4.133","4.087","0.76%"
"2025- 05- 15","4.094","4.140","4.164","4.096","-1.02%"
"2025- 05- 14","4.136","4.150","4.150","4.105","0.45%"
"2025- 05- 13","4.117","4.150","4.150","4.114","0.00%"
"2025- 05- 12","4.117","4.069","4.166","4.069","1.45%"
"2025- 05- 09","4.059","4.068","4.104","4.048","-0.09%"
"2025- 05- 08","4.062","4.023","4.089","4.020","1.60%"
"2025- 05- 07","3.998","4.025","4.047","3.985","0.09%"
"2025- 05- 06","3.995","4.042","4.071","3.988","-0.71%"
"2025- 05- 05","4.023","4.002","4.047","3.994","0.53%"
"2025- 05- 02","4.002","3.941","4.031","3.927","1.92%"
"2025- 05- 01","3.927","3.861","3.952","3.829","1.55%"
"2025- 04- 30","3.866","3.926","3.960","3.856","-0.83%"
"2025- 04- 29","3.899","3.931","3.998","3.894","-0.59%"
"2025- 04- 28","3.922","3.951","4.036","3.921","-0.72%"
"2025- 04- 25","3.951","3.992","4.045","3.956","-0.50%"
"2025- 04- 24","3.970","4.035","4.059","3.976","-1.05%"
"2025- 04- 23","4.012","3.992","4.032","3.987","0.94%"
"2025- 04- 22","3.975","3.993","4.025","3.966","0.60%"
"2025- 04- 21","3.951","3.998","4.038","3.934","-0.58%"
"2025- 04- 17","3.974","3.970","4.006","3.957","0.68%"
"2025- 04- 16","3.947","3.986","4.021","3.957","-1.56%"
"2025- 04- 15","4.010","4.018","4.077","4.004","0.33%"
"2025- 04- 14","3.997","4.107","4.134","3.994","-0.81%"
"2025- 04- 11","4.029","4.009","4.085","3.946","1.46%"
"2025- 04- 10","3.971","4.057","4.114","3.961","-1.41%"
"2025- 04- 09","4.028","3.825","4.100","3.825","4.66%"
"2025- 04- 08","3.849","3.916","4.012","3.846","-1.65%"
"2025- 04- 07","3.913","3.881","3.943","3.726","2.16%"
"2025- 04- 04","3.831","3.925","3.928","3.694","-2.04%"
"2025- 04- 03","3.910","4.035","4.038","3.904","-2.52%"
"2025- 04- 02","4.011","4.025","4.078","4.006","0.00%"
"2025- 04- 01","4.012","4.047","4.063","3.998","-0.37%"
"2025- 03- 31","4.027","4.058","4.058","3.985","-0.21%"
"2025- 03- 28","4.035","4.121","4.126","4.031","-1.53%"
"2025- 03- 27","4.098","4.108","4.140","4.091","-0.11%"
"2025- 03- 26","4.102","4.116","4.122","4.097","0.26%"
"2025- 03- 25","4.092","4.130","4.146","4.089","-0.27%"
"2025- 03- 24","4.103","4.047","4.111","4.047","1.73%"
"2025- 03- 21","4.033","4.069","4.090","4.033","-0.66%"
"2025- 03- 20","4.060","4.096","4.126","4.050","-0.70%"
"2025- 03- 19","4.089","4.121","4.164","4.089","-0.92%"
"2025- 03- 18","4.126","4.101","4.179","4.101","0.41%"
"2025- 03- 17","4.109","4.085","4.139","4.082","0.78%"
"2025- 03- 14","4.077","4.060","4.115","4.045","1.07%"
"2025- 03- 13","4.034","4.087","4.124","4.033","-0.57%"
"2025- 03- 12","4.057","4.044","4.108","4.020","0.66%"
"2025- 03- 11","4.031","3.951","4.042","3.951","1.10%"
"2025- 03- 10","3.987","4.061","4.106","3.991","-1.63%"
"2025- 03- 07","4.053","4.046","4.074","3.994","0.84%"
"2025- 03- 06","4.019","4.078","4.116","4.016","-1.29%"
"2025- 03- 05","4.072","4.106","4.111","4.009","0.16%"
"2025- 03- 04","4.065","4.076","4.084","3.985","0.39%"
"2025- 03- 03","4.050","4.106","4.144","4.052","-0.73%"
"2025- 02- 28","4.079","4.137","4.174","4.082","-0.87%"
"2025- 02- 27","4.115","4.140","4.185","4.123","0.00%"
"2025- 02- 26","4.116","4.138","4.199","4.113","0.00%"
"2025- 02- 25","4.116","4.170","4.181","4.103","-0.79%"
"2025- 02- 24","4.149","4.178","4.248","4.151","-0.20%"
"2025- 02- 21","4.157","4.207","4.241","4.152","-0.99%"
"2025- 02- 20","4.199","4.234","4.253","4.193","-0.33%"
"2025- 02- 19","4.213","4.253","4.266","4.218","-0.44%"
"2025- 02- 18","4.231","4.246","4.267","4.233","0.28%"
"2025- 02- 14","4.219","4.283","4.313","4.219","-0.98%"
"2025- 02- 13","4.261","4.302","4.323","4.264","-0.51%"
"2025- 02- 12","4.283","4.270","4.318","4.248","0.94%"
"2025- 02- 11","4.243","4.256","4.289","4.248","0.24%"
"2025- 02- 10","4.233","4.257","4.303","4.227","0.02%"
"2025- 02- 07","4.232","4.202","4.244","4.195","1.20%"
"2025- 02- 06","4.182","4.194","4.204","4.177","0.35%"
"2025- 02- 05","4.167","4.202","4.221","4.159","-0.27%"
"2025- 02- 04","4.178","4.224","4.240","4.181","-0.36%"
"2025- 02- 03","4.193","4.219","4.240","4.184","0.93%"
"2025- 01- 31","4.155","4.188","4.203","4.157","-0.09%"
"2025- 01- 30","4.158","4.180","4.202","4.156","-0.07%"
"2025- 01- 29","4.161","4.146","4.194","4.135","0.77%"
"2025- 01- 28","4.130","4.159","4.173","4.138","-0.04%"
"2025- 01- 27","4.131","4.184","4.184","4.124","-0.79%"
"2025- 01- 24","4.164","4.185","4.204","4.160","-0.31%"
"2025- 01- 23","4.177","4.210","4.226","4.180","-0.46%"
"2025- 01- 22","4.196","4.234","4.237","4.196","0.22%"
"2025- 01- 21","4.187","4.190","4.233","4.188","-0.46%"
"2025- 01- 17","4.206","4.197","4.220","4.179","0.87%"
"2025- 01- 16","4.170","4.189","4.227","4.175","-0.11%"
"2025- 01- 15","4.174","4.230","4.251","4.176","-0.77%"
"2025- 01- 14","4.207","4.228","4.257","4.208","-0.36%"
"2025- 01- 13","4.222","4.246","4.290","4.228","0.00%"
"2025- 01- 10","4.223","4.173","4.247","4.166","1.63%"
"2025- 01- 09","4.155","4.197","4.216","4.159","-0.40%"
"2025- 01- 08","4.172","4.208","4.238","4.170","-0.27%"
"2025- 01- 07","4.183","4.182","4.206","4.165","0.48%"
"2025- 01- 06","4.163","4.201","4.211","4.163","-0.20%"
"2025- 01- 03","4.171","4.155","4.179","4.155","0.43%"
"2025- 01- 02","4.153","4.245","4.245","4.135","0.12%"
"2024- 12- 31","4.148","4.175","4.218","4.135","-0.28%"
"2024- 12- 30","4.160","4.203","4.216","4.163","-0.72%"
"2024- 12- 27","4.190","4.245","4.253","4.198","-0.70%"
"2024- 12- 26","4.219","4.251","4.323","4.229","-0.30%"
"2024- 12- 24","4.232","4.248","4.272","4.240","0.22%"
"2024- 12- 23","4.222","4.263","4.306","4.231","-0.67%"
"2024- 12- 20","4.251","4.272","4.301","4.247","-0.18%"
"2024- 12- 19","4.259","4.313","4.332","4.261","-0.76%"
"2024- 12- 18","4.291","4.260","4.316","4.232","1.04%"
"2024- 12- 17","4.247","4.260","4.294","4.249","0.15%"
"2024- 12- 16","4.241","4.279","4.287","4.233","0.05%"
"2024- 12- 13","4.239","4.229","4.255","4.220","0.36%"
"2024- 12- 12","4.224","4.219","4.267","4.194","0.54%"
"2024- 12- 11","4.201","4.232","4.281","4.175","-0.23%"
"2024- 12- 10","4.211","4.209","4.238","4.203","0.38%"
"2024- 12- 09","4.195","4.201","4.238","4.192","0.22%"
"2024- 12- 06","4.186","4.261","4.287","4.174","-1.01%"
"2024- 12- 05","4.229","4.259","4.272","4.205","0.12%"
"2024- 12- 04","4.224","4.311","4.324","4.224","-0.89%"
"2024- 12- 03","4.262","4.297","4.327","4.254","-0.48%"
"2024- 12- 02","4.283","4.314","4.359","4.281","-0.20%"
"2024- 11- 29","4.291","4.345","4.371","4.300","-0.90%"
"2024- 11- 27","4.330","4.372","4.372","4.323","-0.85%"
"2024- 11- 26","4.367","4.391","4.413","4.367","-0.10%"
"2024- 11- 25","4.371","4.438","4.440","4.378","-0.89%"
"2024- 11- 22","4.411","4.425","4.430","4.378","0.46%"
"2024- 11- 21","4.390","4.402","4.412","4.358","0.52%"
"2024- 11- 20","4.368","4.386","4.391","4.353","0.55%"
"2024- 11- 19","4.344","4.373","4.373","4.299","0.27%"
"2024- 11- 18","4.332","4.362","4.378","4.332","0.05%"
"2024- 11- 15","4.330","4.401","4.466","4.325","-0.77%"
"2024- 11- 14","4.363","4.334","4.385","4.291","1.50%"
"2024- 11- 13","4.299","4.402","4.418","4.299","-1.61%"
"2024- 11- 12","4.370","4.351","4.402","4.351","1.37%"
"2024- 11- 08","4.311","4.304","4.324","4.267","1.01%"
"2024- 11- 07","4.268","4.350","4.375","4.280","-1.07%"
"2024- 11- 06","4.314","4.270","4.339","4.270","1.45%"
"2024- 11- 05","4.252","4.273","4.294","4.253","0.09%"
"2024- 11- 04","4.248","4.286","4.302","4.232","-0.58%"
"2024- 11- 01","4.273","4.290","4.322","4.200","0.07%"
"2024- 10- 31","4.270","4.312","4.323","4.269","-0.23%"
"2024- 10- 30","4.280","4.277","4.307","4.250","0.05%"
"2024- 10- 29","4.278","4.303","4.329","4.270","-0.58%"
"2024- 10- 28","4.303","4.338","4.354","4.295","0.19%"
"2024- 10- 25","4.295","4.277","4.311","4.257","0.73%"
"2024- 10- 24","4.264","4.291","4.315","4.250","-0.56%"
"2024- 10- 23","4.288","4.270","4.297","4.261","0.75%"
"2024- 10- 22","4.256","4.292","4.299","4.246","0.05%"
"2024- 10- 21","4.254","4.238","4.265","4.219","1.20%"
"2024- 10- 18","4.203","4.218","4.253","4.193","-0.53%"
"2024- 10- 17","4.226","4.218","4.237","4.188","1.15%"
"2024- 10- 16","4.178","4.221","4.229","4.170","-0.26%"
"2024- 10- 15","4.189","4.224","4.265","4.175","-0.46%"
"2024- 10- 14","4.208","4.208","4.208","4.208","0.13%"
"2024- 10- 11","4.203","4.204","4.243","4.179","-0.55%"
"2024- 10- 10","4.226","4.264","4.342","4.204","-0.63%"
"2024- 10- 09","4.253","4.218","4.275","4.191","1.02%"
"2024- 10- 08","4.210","4.243","4.251","4.202","-0.71%"
"2024- 10- 07","4.240","4.216","4.281","4.216","1.15%"
"2024- 10- 04","4.192","4.048","4.214","4.015","4.54%"
"2024- 10- 03","4.010","3.994","4.021","3.967","1.21%"
"2024- 10- 02","3.962","3.951","3.989","3.946","-0.73%"
"2024- 10- 01","3.991","4.072","4.075","3.962","-0.82%"
"2024- 09- 30","4.024","3.981","4.056","3.967","2.04%"
"2024- 09- 27","3.944","3.993","4.104","3.933","-1.04%"
"2024- 09- 26","3.985","3.958","3.998","3.910","1.63%"
"2024- 09- 25","3.921","3.945","3.958","3.899","0.41%"
"2024- 09- 24","3.905","3.943","4.029","3.899","-0.69%"
"2024- 09- 23","3.932","3.951","3.961","3.929","-0.48%"
"2024- 09- 20","3.951","3.944","4.006","3.940","-0.55%"
"2024- 09- 19","3.973","3.998","4.046","3.957","0.05%"
"2024- 09- 18","3.971","4.041","4.068","3.934","-0.82%"
"2024- 09- 17","4.004","3.985","4.033","3.974","0.68%"
"2024- 09- 16","3.977","4.039","4.042","3.969","-0.87%"
"2024- 09- 13","4.012","4.118","4.131","4.010","-2.31%"
"2024- 09- 12","4.107","4.143","4.194","4.102","-0.48%"
"2024- 09- 11","4.127","4.076","4.164","4.051","1.45%"
"2024- 09- 10","4.068","4.151","4.154","4.065","-1.43%"
"2024- 09- 09","4.127","4.136","4.171","4.122","0.39%"
"2024- 09- 06","4.111","4.220","4.263","4.066","-2.33%"
"2024- 09- 05","4.209","4.231","4.258","4.185","-0.47%"
"2024- 09- 04","4.229","4.345","4.366","4.221","-3.69%"
"2024- 09- 03","4.391","4.464","4.464","4.375","-2.00%"
"2024- 09- 02","4.480","4.426","4.480","4.426","1.41%"
"2024- 08- 30","4.418","4.433","4.479","4.410","0.02%"
"2024- 08- 29","4.417","4.442","4.445","4.396","0.41%"
"2024- 08- 28","4.399","4.437","4.437","4.380","0.43%"
"2024- 08- 27","4.380","4.429","4.475","4.380","-0.75%"
"2024- 08- 26","4.413","4.403","4.427","4.362","0.80%"
"2024- 08- 23","4.378","4.471","4.557","4.378","-1.73%"
"2024- 08- 22","4.455","4.404","4.474","4.396","1.60%"
"2024- 08- 21","4.385","4.459","4.480","4.374","-1.53%"
"2024- 08- 20","4.453","4.575","4.575","4.448","-1.09%"
"2024- 08- 19","4.502","4.541","4.551","4.481","-0.02%"
"2024- 08- 16","4.503","4.582","4.599","4.476","-0.62%"
"2024- 08- 15","4.531","4.429","4.553","4.425","2.37%"
"2024- 08- 14","4.426","4.418","4.466","4.393","0.36%"
"2024- 08- 13","4.410","4.530","4.554","4.410","-1.34%"
"2024- 08- 12","4.470","4.527","4.557","4.470","-0.42%"
"2024- 08- 09","4.489","4.512","4.606","4.460","0.09%"
"2024- 08- 08","4.485","4.472","4.515","4.396","0.97%"
"2024- 08- 07","4.442","4.445","4.540","4.418","-1.38%"
"2024- 08- 06","4.504","4.448","4.534","4.421","2.32%"
"2024- 08- 05","4.402","4.397","4.443","4.195","0.85%"
"2024- 08- 02","4.365","4.666","4.676","4.365","-6.29%"
"2024- 08- 01","4.658","4.772","4.796","4.641","-2.82%"
"2024- 07- 31","4.793","4.840","4.842","4.755","-0.19%"
"2024- 07- 30","4.802","4.846","4.873","4.797","-0.35%"
"2024- 07- 29","4.819","4.827","4.851","4.805","0.17%"
"2024- 07- 26","4.811","4.851","4.873","4.808","-0.80%"
"2024- 07- 25","4.850","4.865","4.886","4.791","0.10%"
"2024- 07- 24","4.845","4.895","4.903","4.835","-0.70%"
"2024- 07- 23","4.879","4.901","4.933","4.876","-0.33%"
"2024- 07- 22","4.895","4.901","4.917","4.885","0.31%"
"2024- 07- 19","4.880","4.889","4.901","4.871","0.27%"
"2024- 07- 18","4.867","4.873","4.878","4.854","0.31%"
"2024- 07- 17","4.852","4.866","4.890","4.849","0.00%"
"2024- 07- 16","4.852","4.844","4.890","4.814","0.10%"
"2024- 07- 15","4.847","4.874","4.904","4.842","-0.62%"
"2024- 07- 12","4.877","4.931","4.965","4.861","-0.53%"
"2024- 07- 11","4.903","5.032","5.032","4.895","-2.10%"
"2024- 07- 10","5.008","5.016","5.038","4.999","-0.63%"
"2024- 07- 09","5.040","5.030","5.059","5.013","0.52%"
"2024- 07- 08","5.014","5.030","5.046","5.011","0.16%"
"2024- 07- 05","5.006","5.075","5.105","5.003","-0.94%"
"2024- 07- 04","5.054","5.054","5.054","5.054","0.00%"
"2024- 07- 03","5.054","5.106","5.127","5.054","-0.71%"
"2024- 07- 02","5.090","5.131","5.153","5.084","-0.70%"
"2024- 07- 01","5.126","5.145","5.167","5.115","0.37%"
"2024- 06- 28","5.107","5.125","5.151","5.088","-0.10%"
"2024- 06- 27","5.112","5.156","5.185","5.112","-0.58%"
"2024- 06- 26","5.142","5.132","5.145","5.115","0.57%"
"2024- 06- 25","5.113","5.119","5.154","5.096","0.10%"
"2024- 06- 24","5.108","5.135","5.146","5.102","-0.06%"
"2024- 06- 21","5.111","5.140","5.152","5.095","-0.04%"
"2024- 06- 20","5.113","5.097","5.140","5.094","0.32%"
"2024- 06- 19","5.097","5.094","5.097","5.094","0.11%"
"2024- 06- 18","5.091","5.133","5.154","5.086","-0.39%"
"2024- 06- 17","5.111","5.092","5.120","5.070","1.01%"
"2024- 06- 14","5.060","5.075","5.120","5.052","-0.08%"
"2024- 06- 13","5.064","5.122","5.166","5.064","-1.04%"
"2024- 06- 12","5.117","5.166","5.191","5.062","-1.20%"
"2024- 06- 11","5.179","5.231","5.234","5.165","-0.17%"
"2024- 06- 10","5.188","5.207","5.239","5.171","0.00%"
"2024- 06- 07","5.188","5.116","5.194","5.104","1.79%"
"2024- 06- 06","5.097","5.122","5.135","5.094","-0.06%"
"2024- 06- 05","5.100","5.153","5.166","5.100","-0.55%"
"2024- 06- 04","5.128","5.178","5.205","5.117","-0.54%"
"2024- 06- 03","5.156","5.208","5.240","5.156","-0.69%"
"2024- 05- 31","5.192","5.221","5.252","5.175","-0.13%"
"2024- 05- 30","5.199","5.243","5.262","5.199","-0.48%"
"2024- 05- 29","5.224","5.255","5.276","5.219","-0.02%"
"2024- 05- 28","5.225","5.225","5.252","5.192","-0.05%"
"2024- 05- 27","5.228","5.225","5.228","5.225","0.32%"
"2024- 05- 24","5.211","5.222","5.244","5.198","0.15%"
"2024- 05- 23","5.203","5.190","5.219","5.159","0.74%"
"2024- 05- 22","5.165","5.163","5.190","5.157","0.47%"
"2024- 05- 21","5.141","5.177","5.202","5.138","-0.12%"
"2024- 05- 20","5.147","5.172","5.182","5.136","0.25%"
"2024- 05- 17","5.134","5.160","5.161","5.120","0.08%"
"2024- 05- 16","5.130","5.114","5.138","5.103","0.59%"
"2024- 05- 15","5.100","5.172","5.199","5.092","-1.47%"
"2024- 05- 14","5.176","5.190","5.247","5.165","-0.12%"
"2024- 05- 13","5.182","5.185","5.231","5.171","-0.02%"
"2024- 05- 10","5.183","5.162","5.185","5.144","0.82%"
"2024- 05- 09","5.141","5.160","5.206","5.135","-0.21%"
"2024- 05- 08","5.152","5.166","5.190","5.141","0.10%"
"2024- 05- 07","5.147","5.150","5.177","5.131","0.25%"
"2024- 05- 06","5.134","5.129","5.150","5.126","-0.06%"
"2024- 05- 03","5.137","5.192","5.200","5.061","-0.72%"
"2024- 05- 02","5.174","5.229","5.281","5.169","-0.65%"
"2024- 05- 01","5.208","5.260","5.295","5.205","-0.78%"
"2024- 04- 30","5.249","5.225","5.255","5.200","0.94%"
"2024- 04- 29","5.200","5.282","5.282","5.198","-0.13%"
"2024- 04- 26","5.207","5.230","5.269","5.198","-0.02%"
"2024- 04- 25","5.208","5.187","5.238","5.159","0.74%"
"2024- 04- 24","5.170","5.163","5.198","5.157","0.51%"
"2024- 04- 23","5.144","5.193","5.223","5.144","-0.54%"
"2024- 04- 22","5.172","5.199","5.223","5.163","0.06%"
"2024- 04- 19","5.169","5.201","5.218","5.156","-0.31%"
"2024- 04- 18","5.185","5.172","5.207","5.160","0.43%"
"2024- 04- 17","5.163","5.207","5.224","5.163","-0.37%"
"2024- 04- 16","5.182","5.190","5.244","5.179","0.10%"
"2024- 04- 15","5.177","5.166","5.253","5.164","0.68%"
"2024- 04- 12","5.142","5.195","5.229","5.126","-0.71%"
"2024- 04- 11","5.179","5.223","5.291","5.168","-0.48%"
"2024- 04- 10","5.204","5.065","5.223","5.051","3.13%"
"2024- 04- 09","5.046","5.145","5.150","5.044","-0.77%"
"2024- 04- 08","5.085","5.083","5.156","5.080","0.47%"
"2024- 04- 05","5.061","5.041","5.083","5.020","0.94%"
"2024- 04- 04","5.014","5.063","5.093","4.997","-0.65%"
"2024- 04- 03","5.047","5.075","5.107","5.041","-0.34%"
"2024- 04- 02","5.064","5.097","5.129","5.053","-0.28%"
"2024- 04- 01","5.078","5.037","5.097","5.024","1.03%"
"2024- 03- 28","5.026","5.018","5.056","5.016","0.54%"
"2024- 03- 27","4.999","5.018","5.029","4.988","-0.12%"
"2024- 03- 26","5.005","5.019","5.032","4.999","0.16%"
"2024- 03- 25","4.997","4.995","5.024","4.986","0.48%"
"2024- 03- 22","4.973","5.021","5.044","4.973","-0.52%"
"2024- 03- 21","4.999","5.008","5.013","4.969","0.00%"
"2024- 03- 20","4.999","5.057","5.065","4.991","-1.83%"
"2024- 03- 19","5.092","5.109","5.177","5.073","-0.02%"
"2024- 03- 18","5.093","5.099","5.142","5.068","0.32%"
"2024- 03- 15","5.077","5.092","5.129","5.061","0.20%"
"2024- 03- 14","5.067","5.052","5.095","5.032","0.74%"
"2024- 03- 13","5.030","5.025","5.109","5.019","0.38%"
"2024- 03- 12","5.011","4.990","5.030","4.968","0.80%"
"2024- 03- 11","4.971","4.955","4.998","4.941","0.65%"
"2024- 03- 08","4.939","4.967","4.996","4.909","-0.12%"
"2024- 03- 07","4.945","4.981","5.016","4.943","-0.52%"
"2024- 03- 06","4.971","4.974","5.022","4.949","0.22%"
"2024- 03- 05","4.960","5.015","5.045","4.949","-0.78%"
"2024- 03- 04","4.999","4.964","5.004","4.952","1.26%"
"2024- 03- 01","4.937","5.031","5.061","4.937","-1.59%"
"2024- 02- 29","5.017","5.026","5.080","4.990","0.14%"
"2024- 02- 28","5.010","5.048","5.092","5.007","-0.60%"
"2024- 02- 27","5.040","5.054","5.063","5.013","0.16%"
"2024- 02- 26","5.032","5.028","5.065","4.991","0.64%"
"2024- 02- 23","5.000","5.028","5.099","4.986","-0.30%"
"2024- 02- 22","5.015","4.999","5.037","4.980","0.64%"
"2024- 02- 21","4.983","4.986","4.997","4.945","0.61%"
"2024- 02- 20","4.953","5.011","5.092","4.934","-1.21%"
"2024- 02- 19","5.014","5.000","5.014","5.000","0.37%"
"2024- 02- 16","4.995","4.980","5.063","4.973","0.79%"
"2024- 02- 15","4.956","4.972","4.997","4.923","-0.12%"
"2024- 02- 14","4.962","5.033","5.071","4.945","-1.04%"
"2024- 02- 13","5.014","4.897","5.055","4.875","2.66%"
"2024- 02- 12","4.884","4.938","4.938","4.851","0.23%"
"2024- 02- 09","4.873","4.913","4.913","4.860","0.54%"
"2024- 02- 08","4.847","4.851","4.885","4.839","0.31%"
"2024- 02- 07","4.832","4.846","4.870","4.815","0.06%"
"2024- 02- 06","4.829","4.892","4.971","4.824","-0.90%"
"2024- 02- 05","4.873","4.841","4.928","4.811","0.93%"
"2024- 02- 02","4.828","4.717","4.882","4.716","2.77%"
"2024- 02- 01","4.698","4.726","4.791","4.663","-0.59%"
"2024- 01- 31","4.726","4.813","4.873","4.658","-1.48%"
"2024- 01- 30","4.797","4.787","4.827","4.759","0.57%"
"2024- 01- 29","4.770","4.795","4.852","4.762","-0.36%"
"2024- 01- 26","4.787","4.789","4.817","4.760","0.55%"
"2024- 01- 25","4.761","4.846","4.871","4.759","-1.33%"
"2024- 01- 24","4.825","4.830","4.841","4.775","-0.58%"
"2024- 01- 23","4.853","4.889","4.948","4.845","-0.39%"
"2024- 01- 22","4.872","4.886","4.927","4.864","-0.02%"
"2024- 01- 19","4.873","4.847","4.900","4.837","0.77%"
"2024- 01- 18","4.836","4.850","4.888","4.822","0.17%"
"2024- 01- 17","4.828","4.742","4.847","4.739","2.05%"
"2024- 01- 16","4.731","4.693","4.780","4.690","0.69%"
"2024- 01- 15","4.699","4.701","4.701","4.691","0.88%"
"2024- 01- 12","4.658","4.758","4.810","4.653","-2.49%"
"2024- 01- 11","4.777","4.845","4.866","4.755","-1.14%"
"2024- 01- 10","4.832","4.859","4.905","4.815","-0.23%"
"2024- 01- 09","4.843","4.854","4.908","4.827","0.10%"
"2024- 01- 08","4.838","4.947","4.947","4.822","-0.29%"
"2024- 01- 05","4.852","4.872","4.931","4.795","0.02%"
"2024- 01- 04","4.851","4.857","4.872","4.829","0.73%"
"2024- 01- 03","4.816","4.838","4.859","4.797","0.23%"
"2024- 01- 02","4.805","4.786","4.846","4.770","0.10%"
"2024- 01- 01","4.800","4.800","4.800","4.800","0.64%"
"2023- 12- 29","4.770","4.838","4.866","4.770","-0.89%"
"2023- 12- 28","4.813","4.803","4.827","4.789","0.67%"
"2023- 12- 27","4.781","4.835","4.835","4.778","-1.16%"
"2023- 12- 26","4.837","4.903","4.905","4.834","-1.28%"
"2023- 12- 25","4.900","4.892","4.900","4.867","0.84%"
"2023- 12- 22","4.859","4.913","4.965","4.845","-0.14%"
"2023- 12- 21","4.866","4.935","4.945","4.839","-1.02%"
"2023- 12- 20","4.916","4.984","4.995","4.899","-0.83%"
"2023- 12- 19","4.957","5.023","5.044","4.941","-0.44%"
"2023- 12- 18","4.979","4.985","5.031","4.960","0.30%"
"2023- 12- 15","4.964","4.949","4.988","4.915","0.69%"
"2023- 12- 14","4.930","4.952","4.976","4.864","-0.50%"
"2023- 12- 13","4.955","5.157","5.184","4.936","-3.67%"
"2023- 12- 12","5.144","5.141","5.157","5.114","0.00%"
"2023- 12- 11","5.144","5.150","5.169","5.136","0.04%"
"2023- 12- 08","5.142","5.078","5.156","5.070","1.70%"
"2023- 12- 07","5.056","5.100","5.144","5.056","-0.39%"
"2023- 12- 06","5.076","5.082","5.125","5.068","0.10%"
"2023- 12- 05","5.071","5.112","5.169","5.063","-0.65%"
"2023- 12- 04","5.104","5.042","5.115","5.041","1.13%"
"2023- 12- 01","5.047","5.136","5.146","5.034","-1.85%"
"2023- 11- 30","5.142","5.137","5.172","5.109","0.53%"
"2023- 11- 29","5.115","5.225","5.225","5.115","-1.41%"
"2023- 11- 28","5.188","5.311","5.313","5.188","-1.50%"
"2023- 11- 27","5.267","5.292","5.333","5.259","-0.28%"
"2023- 11- 24","5.282","5.319","5.336","5.276","-0.07%"
"2023- 11- 23","5.286","5.286","5.286","5.286","0.11%"
"2023- 11- 22","5.280","5.271","5.300","5.250","0.44%"
"2023- 11- 21","5.257","5.277","5.325","5.249","-0.17%"
"2023- 11- 20","5.266","5.272","5.329","5.249","0.25%"
"2023- 11- 17","5.253","5.276","5.294","5.220","0.25%"
"2023- 11- 16","5.240","5.299","5.328","5.229","-0.74%"
"2023- 11- 15","5.279","5.261","5.315","5.255","0.55%"
"2023- 11- 14","5.250","5.429","5.466","5.239","-2.40%"
"2023- 11- 13","5.379","5.416","5.448","5.377","-0.17%"
"2023- 11- 10","5.388","5.434","5.446","5.363","-0.04%"
"2023- 11- 09","5.390","5.360","5.404","5.349","0.86%"
"2023- 11- 08","5.344","5.347","5.368","5.333","0.24%"
"2023- 11- 07","5.331","5.356","5.432","5.320","-0.06%"
"2023- 11- 06","5.334","5.304","5.348","5.298","0.81%"
"2023- 11- 03","5.291","5.427","5.444","5.282","-1.71%"
"2023- 11- 02","5.383","5.397","5.432","5.358","-0.11%"
"2023- 11- 01","5.389","5.458","5.480","5.364","-1.32%"
"2023- 10- 31","5.461","5.453","5.472","5.420","0.55%"
"2023- 10- 30","5.431","5.426","5.462","5.423","0.28%"
"2023- 10- 27","5.416","5.434","5.462","5.410","-0.02%"
"2023- 10- 26","5.417","5.481","5.502","5.415","-0.68%"
"2023- 10- 25","5.454","5.457","5.489","5.440","0.26%"
"2023- 10- 24","5.440","5.438","5.482","5.427","0.28%"
"2023- 10- 23","5.425","5.428","5.474","5.422","0.09%"
"2023- 10- 20","5.420","5.452","5.461","5.406","-0.53%"
"2023- 10- 19","5.449","5.496","5.520","5.427","-0.40%"
"2023- 10- 18","5.471","5.505","5.540","5.463","-0.27%"
"2023- 10- 17","5.486","5.448","5.497","5.420","1.16%"
"2023- 10- 16","5.423","5.424","5.467","5.407","0.30%"
"2023- 10- 13","5.407","5.445","5.470","5.393","-0.35%"
"2023- 10- 12","5.426","5.407","5.445","5.376","0.82%"
"2023- 10- 11","5.382","5.377","5.410","5.357","0.39%"
"2023- 10- 10","5.361","5.449","5.504","5.350","-1.67%"
"2023- 10- 09","5.452","5.449","5.452","5.449","0.46%"
"2023- 10- 06","5.427","5.402","5.460","5.402","0.72%"
"2023- 10- 05","5.388","5.433","5.474","5.386","-0.63%"
"2023- 10- 04","5.422","5.499","5.532","5.422","-1.36%"
"2023- 10- 03","5.497","5.519","5.557","5.488","-0.20%"
"2023- 10- 02","5.508","5.492","5.514","5.486","0.69%"
"2023- 09- 29","5.470","5.497","5.525","5.457","-0.15%"
"2023- 09- 28","5.478","5.519","5.554","5.475","-0.45%"
"2023- 09- 27","5.503","5.487","5.514","5.467","0.49%"
"2023- 09- 26","5.476","5.474","5.512","5.460","0.18%"
"2023- 09- 25","5.466","5.483","5.488","5.455","0.09%"
"2023- 09- 22","5.461","5.479","5.502","5.450","-0.07%"
"2023- 09- 21","5.465","5.502","5.504","5.460","-0.02%"
"2023- 09- 20","5.466","5.466","5.513","5.433","0.29%"
"2023- 09- 19","5.450","5.456","5.491","5.442","0.04%"
"2023- 09- 18","5.448","5.448","5.473","5.429","0.29%"
"2023- 09- 15","5.432","5.434","5.473","5.424","0.17%"
"2023- 09- 14","5.423","5.445","5.458","5.412","0.09%"
"2023- 09- 13","5.418","5.493","5.493","5.415","-0.06%"
"2023- 09- 12","5.421","5.430","5.451","5.413","0.09%"
"2023- 09- 11","5.416","5.458","5.458","5.408","0.09%"
"2023- 09- 08","5.411","5.427","5.458","5.389","0.06%"
"2023- 09- 07","5.408","5.450","5.485","5.399","-0.61%"
"2023- 09- 06","5.441","5.452","5.463","5.414","0.04%"
"2023- 09- 05","5.439","5.396","5.477","5.395","0.80%"
"2023- 09- 04","5.396","5.396","5.396","5.396","0.31%"
"2023- 09- 01","5.379","5.395","5.467","5.338","-0.15%"
"2023- 08- 31","5.387","5.410","5.447","5.387","-0.31%"
"2023- 08- 30","5.404","5.421","5.440","5.382","0.13%"
"2023- 08- 29","5.397","5.518","5.545","5.386","-1.15%"
"2023- 08- 28","5.460","5.477","5.554","5.455","0.24%"
"2023- 08- 25","5.447","5.430","5.485","5.403","0.78%"
"2023- 08- 24","5.405","5.381","5.419","5.372","0.76%"
"2023- 08- 23","5.364","5.425","5.444","5.359","-0.63%"
"2023- 08- 22","5.398","5.409","5.425","5.381","0.35%"
"2023- 08- 21","5.379","5.374","5.385","5.349","0.50%"
"2023- 08- 18","5.352","5.387","5.399","5.347","-0.39%"
"2023- 08- 17","5.373","5.399","5.409","5.360","-0.07%"
"2023- 08- 16","5.377","5.391","5.407","5.355","0.15%"
"2023- 08- 15","5.369","5.405","5.424","5.364","-0.17%"
"2023- 08- 14","5.378","5.384","5.419","5.353","0.41%"
"2023- 08- 11","5.356","5.362","5.387","5.332","0.37%"
"2023- 08- 10","5.336","5.361","5.378","5.320","-0.32%"
"2023- 08- 09","5.353","5.356","5.364","5.342","0.39%"
"2023- 08- 08","5.332","5.358","5.373","5.330","-0.17%"
"2023- 08- 07","5.341","5.383","5.415","5.338","-0.11%"
"2023- 08- 04","5.347","5.417","5.448","5.339","-0.80%"
"2023- 08- 03","5.390","5.410","5.431","5.379","0.15%"
"2023- 08- 02","5.382","5.421","5.437","5.377","-0.31%"
"2023- 08- 01","5.399","5.413","5.440","5.391","0.13%"
"2023- 07- 31","5.392","5.411","5.413","5.378","0.09%"
"2023- 07- 28","5.387","5.428","5.458","5.373","-0.28%"
"2023- 07- 27","5.402","5.405","5.427","5.372","0.33%"
"2023- 07- 26","5.384","5.423","5.455","5.362","-0.46%"
"2023- 07- 25","5.409","5.406","5.417","5.392","0.45%"
"2023- 07- 24","5.385","5.377","5.431","5.344","0.65%"
"2023- 07- 21","5.350","5.371","5.410","5.341","0.02%"
"2023- 07- 20","5.349","5.349","5.981","5.329","0.51%"
"2023- 07- 19","5.322","5.358","5.366","5.302","0.00%"
"2023- 07- 18","5.322","5.367","5.391","5.295","-0.08%"
"2023- 07- 17","5.326","5.370","5.408","5.315","-0.06%"
"2023- 07- 14","5.329","5.300","5.356","5.288","1.06%"
"2023- 07- 13","5.273","5.361","5.378","5.270","-1.35%"
"2023- 07- 12","5.345","5.433","5.461","5.339","-1.27%"
"2023- 07- 11","5.414","5.417","5.444","5.401","0.07%"
"2023- 07- 10","5.410","5.459","5.484","5.399","-0.26%"
"2023- 07- 07","5.424","5.486","5.522","5.416","-0.48%"
"2023- 07- 06","5.450","5.445","5.502","5.417","0.59%"
"2023- 07- 05","5.418","5.443","5.508","5.412","-0.36%"
"2023- 07- 04","5.438","5.438","5.438","5.438","-0.04%"
"2023- 07- 03","5.440","5.449","5.506","5.416","0.54%"
"2023- 06- 30","5.411","5.454","5.466","5.409","-0.35%"
"2023- 06- 29","5.430","5.370","5.452","5.342","1.65%"
"2023- 06- 28","5.342","5.362","5.408","5.307","0.19%"
"2023- 06- 27","5.332","5.307","5.354","5.272","1.14%"
"2023- 06- 26","5.272","5.289","5.302","5.242","0.30%"
"2023- 06- 23","5.256","5.316","5.330","5.248","-0.81%"
"2023- 06- 22","5.299","5.292","5.329","5.266","0.72%"
"2023- 06- 21","5.261","5.284","5.325","5.248","0.40%"
"2023- 06- 20","5.240","5.260","5.292","5.234","-0.84%"
"2023- 06- 19","5.285","5.276","5.285","5.276","1.00%"
"2023- 06- 16","5.232","5.226","5.295","5.226","0.21%"
"2023- 06- 15","5.221","5.282","5.342","5.204","-0.95%"
"2023- 06- 14","5.271","5.285","5.328","5.205","0.40%"
"2023- 06- 13","5.250","5.254","5.278","5.149","0.56%"
"2023- 06- 12","5.221","5.252","5.267","5.205","0.40%"
"2023- 06- 09","5.200","5.182","5.257","5.150","0.83%"
"2023- 06- 08","5.157","5.215","5.242","5.122","-0.60%"
"2023- 06- 07","5.188","5.235","5.273","5.177","-0.80%"
"2023- 06- 06","5.230","5.258","5.279","5.189","0.31%"
"2023- 06- 05","5.214","5.296","5.318","5.189","-0.69%"
"2023- 06- 02","5.250","5.167","5.280","5.143","2.10%"
"2023- 06- 01","5.142","5.222","5.293","5.131","-1.12%"
"2023- 05- 31","5.200","5.263","5.282","5.184","-0.95%"
"2023- 05- 30","5.250","5.305","5.313","5.225","-0.63%"
"2023- 05- 29","5.283","5.267","5.283","5.267","0.10%"
"2023- 05- 26","5.278","5.242","5.327","5.198","0.80%"
"2023- 05- 25","5.236","5.152","5.269","5.140","2.07%"
"2023- 05- 24","5.130","5.087","5.182","5.083","0.75%"
"2023- 05- 23","5.092","5.109","5.144","5.070","0.41%"
"2023- 05- 22","5.071","5.041","5.087","5.002","1.04%"
"2023- 05- 19","5.019","5.032","5.093","4.981","-0.04%"
"2023- 05- 18","5.021","4.956","5.026","4.922","1.93%"
"2023- 05- 17","4.926","4.879","4.937","4.860","0.33%"
"2023- 05- 16","4.910","4.821","4.926","4.771","2.44%"
"2023- 05- 15","4.793","4.832","4.845","4.780","-0.13%"
"2023- 05- 12","4.799","4.802","4.816","4.748","0.93%"
"2023- 05- 11","4.755","4.739","4.809","4.687","0.00%"
"2023- 05- 10","4.755","4.883","4.948","4.731","-2.24%"
"2023- 05- 09","4.864","4.870","4.911","4.793","0.43%"
"2023- 05- 08","4.843","4.794","4.846","4.742","1.47%"
"2023- 05- 05","4.773","4.638","4.792","4.637","3.02%"
"2023- 05- 04","4.633","4.701","4.763","4.584","-2.75%"
"2023- 05- 03","4.764","4.758","4.821","4.677","0.34%"
"2023- 05- 02","4.748","4.901","4.933","4.691","-2.53%"
"2023- 05- 01","4.871","4.836","4.887","4.775","1.18%"
"2023- 04- 28","4.814","4.819","4.858","4.760","0.31%"
"2023- 04- 27","4.799","4.710","4.821","4.682","2.92%"
"2023- 04- 26","4.663","4.642","4.737","4.623","0.69%"
"2023- 04- 25","4.631","4.768","4.781","4.601","-2.81%"
"2023- 04- 24","4.765","4.790","4.836","4.746","-0.23%"
"2023- 04- 21","4.776","4.757","4.806","4.738","0.32%"
"2023- 04- 20","4.761","4.903","4.903","4.753","-1.33%"
"2023- 04- 19","4.825","4.841","4.868","4.808","-0.02%"
"2023- 04- 18","4.826","4.889","5.005","4.798","-0.39%"
"2023- 04- 17","4.845","4.862","4.946","4.829","0.56%"
"2023- 04- 14","4.818","4.684","4.995","4.677","2.69%"
"2023- 04- 13","4.692","4.714","4.801","4.646","0.28%"
"2023- 04- 12","4.679","4.753","4.866","4.633","-0.81%"
"2023- 04- 11","4.717","4.712","4.864","4.655","0.86%"
"2023- 04- 10","4.677","4.604","4.786","4.604","0.47%"
"2023- 04- 07","4.655","4.629","4.686","4.512","3.17%"
"2023- 04- 06","4.512","4.492","4.623","4.412","1.55%"
"2023- 04- 05","4.443","4.503","4.625","4.373","-1.05%"
"2023- 04- 04","4.490","4.642","4.731","4.457","-2.77%"
"2023- 04- 03","4.618","4.702","4.770","4.599","-0.13%"
"2023- 03- 31","4.624","4.647","4.792","4.618","0.22%"
"2023- 03- 30","4.614","4.666","4.685","4.570","1.05%"
"2023- 03- 29","4.566","4.672","4.519","4.519","0.66%"
"2023- 03- 28","4.536","4.504","4.498","4.498","0.60%"
"2023- 03- 27","4.509","4.439","4.325","4.325","4.25%"
"2023- 03- 24","4.325","4.432","4.144","4.144","-1.14%"
"2023- 03- 23","4.375","4.544","4.346","4.345","-3.08%"
"2023- 03- 22","4.514","4.765","4.479","4.479","-2.53%"
"2023- 03- 21","4.631","4.389","4.348","4.348","5.59%"
"2023- 03- 20","4.386","4.338","4.168","4.168","1.86%"
"2023- 03- 17","4.306","4.536","4.255","4.255","-4.16%"
"2023- 03- 16","4.493","4.345","4.213","4.213","5.03%"
"2023- 03- 15","4.278","4.623","4.025","4.025","-4.40%"
"2023- 03- 14","4.475","4.424","4.283","4.283","4.26%"
"2023- 03- 13","4.292","4.901","4.254","4.254","-11.98%"
"2023- 03- 10","4.876","5.196","4.871","4.871","-5.91%"
"2023- 03- 09","5.182","5.270","5.155","5.155","-1.16%"
"2023- 03- 08","5.243","5.222","5.202","5.202","0.56%"
"2023- 03- 07","5.214","5.086","5.042","5.042","3.12%"
"2023- 03- 06","5.056","5.056","5.023","5.023","0.54%"
"2023- 03- 03","5.029","5.063","5.021","5.021","-0.47%"
"2023- 03- 02","5.053","5.056","5.031","5.031","-0.12%"
"2023- 03- 01","5.059","5.040","5.031","5.031","0.98%"
"2023- 02- 28","5.010","5.056","5.062","5.010","-0.40%"
"2023- 02- 27","5.030","5.049","5.021","5.021","-0.44%"
"2023- 02- 24","5.052","5.062","5.036","5.036","0.46%"
"2023- 02- 23","5.029","5.097","5.026","5.026","-0.71%"
"2023- 02- 22","5.065","5.109","5.040","5.040","0.60%"
"2023- 02- 21","5.035","5.019","5.070","5.018","0.10%"
"2023- 02- 20","5.030","5.030","5.030","5.030","0.60%"
"2023- 02- 17","5.000","5.008","4.976","4.976","0.62%"
"2023- 02- 16","4.969","5.000","4.956","4.956","-0.08%"
"2023- 02- 15","4.973","5.016","4.962","4.962","-0.32%"
"2023- 02- 14","4.989","4.946","4.892","4.891","1.42%"
"2023- 02- 13","4.919","4.928","4.892","4.892","0.49%"
"2023- 02- 10","4.895","4.924","4.873","4.873","0.31%"
"2023- 02- 09","4.880","4.900","4.837","4.837","0.14%"
"2023- 02- 08","4.873","4.917","4.845","4.845","-0.16%"
"2023- 02- 07","4.881","4.906","4.846","4.846","0.49%"
"2023- 02- 06","4.857","4.823","4.787","4.787","1.74%"
"2023- 02- 03","4.774","4.677","4.635","4.635","2.91%"
"2023- 02- 02","4.639","4.661","4.631","4.631","-0.47%"
"2023- 02- 01","4.661","4.711","4.656","4.656","-0.53%"
"2023- 01- 31","4.686","4.747","4.681","4.681","-0.59%"
"2023- 01- 30","4.714","4.695","4.695","4.695","0.75%"
"2023- 01- 27","4.679","4.703","4.674","4.674","0.15%"
"2023- 01- 26","4.672","4.680","4.661","4.661","0.15%"
"2023- 01- 25","4.665","4.711","4.656","4.656","-0.43%"
"2023- 01- 24","4.685","4.747","4.680","4.680","-0.59%"
"2023- 01- 23","4.713","4.732","4.699","4.699","0.40%"
"2023- 01- 20","4.694","4.690","4.683","4.683","0.36%"
"2023- 01- 19","4.677","4.661","4.647","4.647","0.58%"
"2023- 01- 18","4.650","4.699","4.645","4.644","-0.70%"
"2023- 01- 17","4.683","4.710","4.680","4.680","-0.98%"
"2023- 01- 16","4.729","4.727","4.729","4.727","0.62%"
"2023- 01- 13","4.700","4.696","4.675","4.675","0.38%"
"2023- 01- 12","4.682","4.767","4.661","4.661","-1.16%"
"2023- 01- 11","4.737","4.781","4.732","4.732","-0.40%"
"2023- 01- 10","4.756","4.735","4.699","4.699","1.19%"
"2023- 01- 09","4.700","4.747","4.686","4.686","-0.30%"
"2023- 01- 06","4.714","4.813","4.692","4.692","-1.22%"
"2023- 01- 05","4.772","4.702","4.699","4.699","1.32%"
"2023- 01- 04","4.710","4.754","4.675","4.675","-0.06%"
"2023- 01- 03","4.713","4.765","4.686","4.686","-0.65%"
"2023- 01- 02","4.744","4.744","4.744","4.744","0.23%"