"날짜","종가","시가","고가","저가","거래량","변동 %"
"2026- 04- 27","45.0289","45.0125","45.0393","44.9977","","0.03%"
"2026- 04- 26","45.0157","45.0125","45.0251","45.0101","","0.04%"
"2026- 04- 24","44.9975","44.9838","45.1787","44.7771","","0.03%"
"2026- 04- 23","44.9837","44.9311","45.1175","44.7775","","0.14%"
"2026- 04- 22","44.9201","44.8884","44.9831","44.7950","","0.07%"
"2026- 04- 21","44.8877","44.8788","45.0661","44.6766","","0.03%"
"2026- 04- 20","44.8722","44.8276","45.0700","44.6103","","0.03%"
"2026- 04- 19","44.8596","44.8255","44.8650","44.8220","","0.01%"
"2026- 04- 17","44.8542","44.8055","45.0020","44.6456","","0.11%"
"2026- 04- 16","44.8068","44.7430","44.9501","44.5413","","0.14%"
"2026- 04- 15","44.7451","44.7220","44.8730","44.5914","","0.05%"
"2026- 04- 14","44.7234","44.6708","44.8968","44.5131","","0.13%"
"2026- 04- 13","44.6665","44.6651","44.8828","44.5062","","0.12%"
"2026- 04- 10","44.6148","44.5663","44.8339","44.4367","","0.11%"
"2026- 04- 09","44.5662","44.5157","44.8139","44.2973","","0.10%"
"2026- 04- 08","44.5214","44.6015","44.7686","44.3241","","-0.18%"
"2026- 04- 07","44.6019","44.5726","44.7861","44.4092","","0.06%"
"2026- 04- 06","44.5742","44.5206","44.7251","44.3245","","-0.03%"
"2026- 04- 03","44.5874","44.4576","44.7944","44.2737","","0.29%"
"2026- 04- 02","44.4588","44.4744","44.5722","44.3806","","-0.03%"
"2026- 04- 01","44.4738","44.4468","44.6408","44.2883","","0.05%"
"2026- 03- 31","44.4537","44.4567","44.6085","44.2667","","0.04%"
"2026- 03- 30","44.4347","44.4401","44.5846","44.2398","","0.01%"
"2026- 03- 27","44.4300","44.3470","44.6170","44.2091","","0.23%"
"2026- 03- 26","44.3292","44.3415","44.4538","44.2352","","-0.01%"
"2026- 03- 25","44.3316","44.3444","44.5861","44.2164","","-0.02%"
"2026- 03- 24","44.3425","44.3044","44.5081","44.1667","","0.09%"
"2026- 03- 23","44.3037","44.2526","44.4756","44.1554","","0.01%"
"2026- 03- 20","44.2976","44.2951","44.4399","44.1026","","0.01%"
"2026- 03- 19","44.2925","44.2106","44.5368","44.0684","","0.19%"
"2026- 03- 18","44.2106","44.1885","44.3331","44.0827","","0.05%"
"2026- 03- 17","44.1885","44.1677","44.3135","44.0181","","0.05%"
"2026- 03- 16","44.1659","44.1651","44.3204","44.0503","","-0.08%"
"2026- 03- 13","44.2020","44.1472","44.3358","43.9818","","0.17%"
"2026- 03- 12","44.1276","44.0813","44.3040","43.9628","","0.11%"
"2026- 03- 11","44.0808","44.0652","44.2049","43.9568","","0.03%"
"2026- 03- 10","44.0654","44.0409","44.1856","43.9437","","0.06%"
"2026- 03- 09","44.0390","44.0755","44.2232","43.6850","","-0.07%"
"2026- 03- 06","44.0707","44.0126","44.2111","43.8436","","0.13%"
"2026- 03- 05","44.0125","43.9591","44.1606","43.8241","","0.12%"
"2026- 03- 04","43.9593","43.9517","44.0784","43.7915","","0.02%"
"2026- 03- 03","43.9516","43.9502","44.0529","43.7926","","0.00%"
"2026- 03- 02","43.9521","43.9201","44.1278","43.8030","","0.06%"
"2026- 02- 27","43.9254","43.9026","44.0649","43.7792","","0.05%"
"2026- 02- 26","43.9041","43.8649","44.0324","43.7011","","0.09%"
"2026- 02- 25","43.8643","43.8564","43.9443","43.7629","","0.02%"
"2026- 02- 24","43.8576","43.8352","43.9297","43.7690","","0.05%"
"2026- 02- 23","43.8358","43.8301","43.9476","43.7054","","0.03%"
"2026- 02- 20","43.8218","43.7580","44.1045","43.6772","","0.15%"
"2026- 02- 19","43.7579","43.7486","43.8123","43.6690","","0.01%"
"2026- 02- 18","43.7516","43.7147","43.8539","43.6091","","0.08%"
"2026- 02- 17","43.7148","43.7087","43.8220","43.6113","","0.01%"
"2026- 02- 16","43.7091","43.6296","43.8595","43.4737","","0.08%"
"2026- 02- 13","43.6756","43.6393","43.8687","43.5322","","0.06%"
"2026- 02- 12","43.6485","43.6399","43.8043","43.5083","","0.02%"
"2026- 02- 11","43.6401","43.6259","43.6920","43.5704","","0.03%"
"2026- 02- 10","43.6250","43.5878","43.7008","43.4917","","0.08%"
"2026- 02- 09","43.5889","43.6024","43.7772","43.3208","","-0.03%"
"2026- 02- 06","43.6024","43.5308","43.7313","43.4663","","0.16%"
"2026- 02- 05","43.5313","43.4702","43.6635","43.3836","","0.14%"
"2026- 02- 04","43.4703","43.4812","43.6669","43.2970","","-0.03%"
"2026- 02- 03","43.4813","43.4564","43.5615","43.3958","","0.06%"
"2026- 02- 02","43.4564","43.4919","43.6559","43.3027","","-0.08%"
"2026- 01- 30","43.4919","43.4401","43.6111","43.3649","","0.12%"
"2026- 01- 29","43.4401","43.4168","43.5734","43.2449","","0.05%"
"2026- 01- 28","43.4167","43.4060","43.5002","43.3196","","0.05%"
"2026- 01- 27","43.3953","43.3603","43.4757","43.2959","","0.08%"
"2026- 01- 26","43.3603","43.3772","43.4913","43.2266","","-0.04%"
"2026- 01- 23","43.3772","43.2700","43.4345","43.2200","","0.25%"
"2026- 01- 22","43.2700","43.2930","43.4314","43.1429","","-0.05%"
"2026- 01- 21","43.2932","43.2814","43.4150","43.2053","","0.03%"
"2026- 01- 20","43.2819","43.2653","43.3286","43.2125","","0.04%"
"2026- 01- 19","43.2653","43.2776","43.3560","43.1751","","-0.04%"
"2026- 01- 16","43.2825","43.2219","43.4378","43.0552","","0.14%"
"2026- 01- 15","43.2219","43.1827","43.4355","43.0598","","0.09%"
"2026- 01- 14","43.1828","43.1546","43.2926","43.0480","","0.07%"
"2026- 01- 13","43.1546","43.1139","43.2485","43.0397","","0.09%"
"2026- 01- 12","43.1146","43.0455","43.2767","42.9607","","0.16%"
"2026- 01- 09","43.0455","43.0394","43.2606","42.9044","","0.01%"
"2026- 01- 08","43.0396","43.0351","43.0881","42.9780","","0.01%"
"2026- 01- 07","43.0350","43.0325","43.1629","42.9265","","0.01%"
"2026- 01- 06","43.0310","43.0352","43.0866","42.9860","","-0.01%"
"2026- 01- 05","43.0353","43.0291","43.1649","42.8851","","0.01%"
"2026- 01- 02","43.0291","42.9525","43.1054","42.8322","","0.18%"
"2026- 01- 01","42.9525","42.9587","42.9662","42.9116","","-0.01%"
"2025- 12- 31","42.9587","42.9404","43.1143","42.7470","","0.05%"
"2025- 12- 30","42.9393","42.9349","43.0612","42.8224","","0.01%"
"2025- 12- 29","42.9358","42.8375","43.0851","42.7214","","0.23%"
"2025- 12- 26","42.8375","42.8480","43.0428","42.6623","","-0.03%"
"2025- 12- 25","42.8512","42.8461","42.9724","42.6310","","0.01%"
"2025- 12- 24","42.8462","42.8142","42.9888","42.6890","","0.07%"
"2025- 12- 23","42.8154","42.6843","42.9618","42.6103","","0.14%"
"2025- 12- 22","42.7538","42.7462","42.9077","42.5988","","0.02%"
"2025- 12- 19","42.7462","42.7339","42.9238","42.6299","","0.03%"
"2025- 12- 18","42.7346","42.7014","42.8174","42.6406","","0.08%"
"2025- 12- 17","42.7008","42.6955","42.8196","42.5250","","0.01%"
"2025- 12- 16","42.6953","42.6937","42.7691","42.6241","","0.01%"
"2025- 12- 15","42.6927","42.6953","42.7948","42.5477","","-0.01%"
"2025- 12- 12","42.6953","42.6014","42.8289","42.4784","","0.22%"
"2025- 12- 11","42.6020","42.5926","42.6684","42.5508","","-0.01%"
"2025- 12- 10","42.6076","42.5871","42.6905","42.4245","","0.05%"
"2025- 12- 09","42.5870","42.5700","42.6867","42.4271","","0.04%"
"2025- 12- 08","42.5698","42.5243","42.6624","42.3595","","0.11%"
"2025- 12- 05","42.5243","42.3605","42.6575","42.3112","","0.08%"
"2025- 12- 04","42.4901","42.4397","42.6222","42.3357","","0.12%"
"2025- 12- 03","42.4398","42.3495","42.5851","42.2673","","0.23%"
"2025- 12- 02","42.3411","42.4126","42.5731","42.2111","","-0.17%"
"2025- 12- 01","42.4127","42.4767","42.6302","42.2497","","-0.15%"
"2025- 11- 28","42.4767","42.4432","42.6164","42.3145","","0.08%"
"2025- 11- 27","42.4424","42.4501","42.5186","42.3590","","-0.01%"
"2025- 11- 26","42.4485","42.4425","42.5595","42.3303","","0.01%"
"2025- 11- 25","42.4424","42.3930","42.5516","42.2910","","0.05%"
"2025- 11- 24","42.4223","42.4403","42.5294","42.2933","","-0.04%"
"2025- 11- 21","42.4403","42.3693","42.5685","42.2503","","0.17%"
"2025- 11- 20","42.3666","42.3301","42.4969","42.0471","","0.09%"
"2025- 11- 19","42.3297","42.3403","42.4806","42.1246","","-0.03%"
"2025- 11- 18","42.3417","42.3200","42.3863","42.2230","","0.06%"
"2025- 11- 17","42.3178","42.3155","42.5347","42.0069","","0.17%"
"2025- 11- 14","42.2475","42.2236","42.4970","41.8663","","0.06%"
"2025- 11- 13","42.2235","42.0990","42.4701","41.9634","","0.30%"
"2025- 11- 12","42.0990","42.2280","42.4266","41.9014","","-0.31%"
"2025- 11- 11","42.2291","42.2343","42.3480","42.0758","","-0.01%"
"2025- 11- 10","42.2346","42.2122","42.3391","42.0900","","0.05%"
"2025- 11- 07","42.2122","42.1076","42.3889","41.9386","","0.25%"
"2025- 11- 06","42.1076","42.0950","42.2231","41.9755","","0.03%"
"2025- 11- 05","42.0950","41.6075","42.2562","41.6075","","0.12%"
"2025- 11- 04","42.0443","42.0579","42.1917","41.9390","","-0.03%"
"2025- 11- 03","42.0578","41.9600","42.1982","41.8748","","-0.01%"
"2025- 10- 31","42.0602","41.9649","42.1568","41.8550","","0.23%"
"2025- 10- 30","41.9646","41.9450","42.1049","41.8149","","0.05%"
"2025- 10- 29","41.9451","41.9445","42.0747","41.7713","","-0.02%"
"2025- 10- 28","41.9548","41.8670","42.0591","41.7888","","0.21%"
"2025- 10- 27","41.8685","41.9476","42.1879","41.6709","","-0.18%"
"2025- 10- 24","41.9461","41.8550","42.3165","41.6824","","-0.08%"
"2025- 10- 23","41.9804","41.9744","42.1423","41.7217","","0.01%"
"2025- 10- 22","41.9747","41.9707","42.0766","41.8209","","0.01%"
"2025- 10- 21","41.9715","41.7100","42.0537","41.8381","","0.63%"
"2025- 10- 20","41.7100","41.9045","42.1982","41.5545","","-0.45%"
"2025- 10- 17","41.9001","41.8438","42.0973","41.7327","","0.14%"
"2025- 10- 16","41.8436","41.8478","41.9537","41.7211","","-0.01%"
"2025- 10- 15","41.8477","41.8173","41.9611","41.7068","","0.07%"
"2025- 10- 14","41.8173","41.8074","41.8946","41.7156","","0.02%"
"2025- 10- 13","41.8074","41.8459","41.9445","41.6252","","-0.09%"
"2025- 10- 10","41.8459","41.7641","41.9467","41.6570","","0.18%"
"2025- 10- 09","41.7705","41.6952","41.9536","41.4763","","0.18%"
"2025- 10- 08","41.6952","41.7013","41.8316","41.5762","","-0.01%"
"2025- 10- 07","41.7013","41.6900","41.8724","41.4598","","0.03%"
"2025- 10- 06","41.6900","41.6550","41.8233","41.5545","","-0.01%"
"2025- 10- 03","41.6932","41.6050","41.8474","41.3832","","0.21%"
"2025- 10- 02","41.6048","41.5651","41.7794","41.2845","","0.09%"
"2025- 10- 01","41.5672","41.5829","41.7620","41.3397","","-0.04%"
"2025- 09- 30","41.5852","41.5807","41.6339","41.3974","","0.01%"
"2025- 09- 29","41.5807","41.5725","41.7796","41.2491","","0.53%"
"2025- 09- 26","41.3600","41.4850","41.6775","41.3493","","-0.30%"
"2025- 09- 25","41.4852","41.4469","41.5232","41.3680","","0.08%"
"2025- 09- 24","41.4506","41.4108","41.5696","41.2848","","0.11%"
"2025- 09- 23","41.4068","41.3654","41.5684","41.2425","","0.10%"
"2025- 09- 22","41.3655","41.3793","41.5664","41.2185","","-0.03%"
"2025- 09- 19","41.3793","41.2895","41.5244","41.2136","","0.22%"
"2025- 09- 18","41.2900","41.2695","41.4047","41.2206","","0.05%"
"2025- 09- 17","41.2695","41.2355","41.4680","41.0840","","0.08%"
"2025- 09- 16","41.2362","41.3052","41.4157","41.1428","","-0.19%"
"2025- 09- 15","41.3141","41.3365","41.5336","41.1302","","-0.05%"
"2025- 09- 12","41.3365","41.3238","41.4939","41.1704","","0.03%"
"2025- 09- 11","41.3238","41.2727","41.4303","41.1647","","0.13%"
"2025- 09- 10","41.2719","41.2621","41.3778","41.1398","","0.03%"
"2025- 09- 09","41.2606","41.2281","41.3414","41.1744","","0.02%"
"2025- 09- 08","41.2518","41.2100","41.3935","41.1208","","0.03%"
"2025- 09- 05","41.2381","41.1578","41.3889","41.0821","","0.20%"
"2025- 09- 04","41.1576","41.1570","41.2834","41.0453","","0.00%"
"2025- 09- 03","41.1569","41.1379","41.2707","41.0456","","0.05%"
"2025- 09- 02","41.1380","41.1153","41.2853","40.9839","","0.06%"
"2025- 09- 01","41.1153","41.1025","41.2697","40.9235","","0.03%"
"2025- 08- 29","41.1025","41.0388","41.3634","40.9104","","0.16%"
"2025- 08- 28","41.0388","41.0379","41.1543","40.9403","","0.00%"
"2025- 08- 27","41.0379","41.0349","41.1576","40.9121","","0.01%"
"2025- 08- 26","41.0348","40.9891","41.1334","40.8913","","0.11%"
"2025- 08- 25","40.9902","40.9357","41.2505","40.7529","","0.13%"
"2025- 08- 22","40.9357","40.9343","41.1373","40.7506","","0.00%"
"2025- 08- 21","40.9340","40.9280","41.0336","40.8092","","0.02%"
"2025- 08- 20","40.9277","40.8934","40.9706","40.7595","","0.08%"
"2025- 08- 19","40.8934","40.8815","41.0080","40.7724","","0.03%"
"2025- 08- 18","40.8815","40.8550","41.0558","40.7421","","0.20%"
"2025- 08- 15","40.8000","40.8199","41.0056","40.6409","","-0.07%"
"2025- 08- 14","40.8305","40.7744","40.9206","40.6353","","0.14%"
"2025- 08- 13","40.7747","40.7269","40.9543","40.5490","","0.12%"
"2025- 08- 12","40.7265","40.7000","40.8755","40.5329","","0.44%"
"2025- 08- 11","40.5468","40.6783","40.9182","40.4935","","-0.26%"
"2025- 08- 08","40.6528","40.6410","40.8396","40.4773","","0.11%"
"2025- 08- 07","40.6077","40.6381","40.8061","40.4484","","-0.08%"
"2025- 08- 06","40.6383","40.6598","40.7626","40.5575","","-0.08%"
"2025- 08- 05","40.6701","40.6563","40.7858","40.4660","","0.03%"
"2025- 08- 04","40.6564","40.6393","40.8074","40.4843","","0.10%"
"2025- 08- 01","40.6170","40.6323","40.8251","40.4503","","-0.04%"
"2025- 07- 31","40.6332","40.5883","40.7340","40.4656","","0.11%"
"2025- 07- 30","40.5883","40.5824","40.7185","40.4389","","0.02%"
"2025- 07- 29","40.5813","40.5464","40.7140","40.3828","","0.07%"
"2025- 07- 28","40.5517","40.5535","40.8831","40.3992","","-0.03%"
"2025- 07- 25","40.5624","40.6644","40.7482","40.3482","","-0.25%"
"2025- 07- 24","40.6643","40.4476","40.9082","40.2778","","0.54%"
"2025- 07- 23","40.4470","40.4058","40.6632","40.2647","","0.13%"
"2025- 07- 22","40.3935","40.3846","40.5676","40.2542","","0.02%"
"2025- 07- 21","40.3845","40.3798","40.5503","40.1315","","-0.02%"
"2025- 07- 18","40.3945","40.3082","40.5492","40.1141","","0.26%"
"2025- 07- 17","40.2881","40.2262","40.4127","40.0799","","0.08%"
"2025- 07- 16","40.2548","40.1843","40.4044","40.0213","","0.44%"
"2025- 07- 15","40.0790","40.0800","40.3821","40.0669","","-0.24%"
"2025- 07- 14","40.1735","40.1781","40.3657","39.9960","","-0.02%"
"2025- 07- 11","40.1815","40.0790","40.4245","39.9882","","0.26%"
"2025- 07- 10","40.0789","40.0349","40.2372","39.9147","","0.11%"
"2025- 07- 09","40.0349","40.0426","40.1865","39.9013","","-0.03%"
"2025- 07- 08","40.0450","39.9615","40.1072","39.8554","","0.21%"
"2025- 07- 07","39.9617","39.8358","40.1471","39.7270","","0.29%"
"2025- 07- 04","39.8474","39.8228","39.9768","39.6443","","0.06%"
"2025- 07- 03","39.8228","39.8058","40.0231","39.6305","","0.12%"
"2025- 07- 02","39.7749","39.8393","39.9820","39.6755","","-0.16%"
"2025- 07- 01","39.8392","39.8136","39.9618","39.6967","","0.06%"
"2025- 06- 30","39.8136","39.8971","40.0391","39.6657","","-0.24%"
"2025- 06- 27","39.9094","39.7708","40.0265","39.6512","","0.34%"
"2025- 06- 26","39.7760","39.7150","39.9058","39.6148","","0.05%"
"2025- 06- 25","39.7569","39.5590","39.8519","39.4666","","0.51%"
"2025- 06- 24","39.5545","39.6152","39.8612","39.4519","","-0.15%"
"2025- 06- 23","39.6153","39.6785","39.8609","39.3450","","-0.16%"
"2025- 06- 20","39.6775","39.6203","39.9189","39.4437","","0.14%"
"2025- 06- 19","39.6203","39.5214","39.7877","39.3832","","0.24%"
"2025- 06- 18","39.5270","39.5014","39.6384","39.3769","","0.07%"
"2025- 06- 17","39.5008","39.3474","39.5718","39.2169","","0.39%"
"2025- 06- 16","39.3489","39.4143","39.7030","39.1550","","-0.17%"
"2025- 06- 13","39.4143","39.3530","39.8068","39.1761","","0.16%"
"2025- 06- 12","39.3530","39.1717","39.4105","39.0386","","0.46%"
"2025- 06- 11","39.1717","39.1750","39.4028","38.9950","","-0.04%"
"2025- 06- 10","39.1875","39.2797","39.4420","39.0668","","-0.23%"
"2025- 06- 09","39.2786","39.2195","39.4369","39.0426","","0.15%"
"2025- 06- 06","39.2191","39.2776","39.4045","39.0370","","-0.15%"
"2025- 06- 05","39.2776","39.2003","39.3958","39.0578","","0.27%"
"2025- 06- 04","39.1721","39.1511","39.2871","39.0024","","0.06%"
"2025- 06- 03","39.1505","39.1798","39.3558","38.9325","","-0.09%"
"2025- 06- 02","39.1869","39.2249","39.3667","38.9784","","-0.06%"
"2025- 05- 30","39.2098","39.1053","39.5026","38.9689","","0.27%"
"2025- 05- 29","39.1053","39.0800","39.2410","38.9169","","0.15%"
"2025- 05- 28","39.0450","38.8520","39.2565","38.7736","","0.22%"
"2025- 05- 27","38.9612","38.9510","39.1727","38.8028","","0.01%"
"2025- 05- 26","38.9585","38.9480","39.1424","38.7647","","0.13%"
"2025- 05- 23","38.9092","38.9270","39.2460","38.7787","","-0.04%"
"2025- 05- 22","38.9258","38.8497","39.0726","38.7134","","0.20%"
"2025- 05- 21","38.8500","38.8312","38.9853","38.6961","","0.06%"
"2025- 05- 20","38.8271","38.7748","38.9848","38.6170","","0.13%"
"2025- 05- 19","38.7768","38.8275","39.0358","38.5589","","-0.20%"
"2025- 05- 16","38.8547","38.7059","38.9975","38.5709","","0.38%"
"2025- 05- 15","38.7061","38.7716","38.9097","38.5829","","-0.17%"
"2025- 05- 14","38.7716","38.7812","38.8993","38.6162","","-0.05%"
"2025- 05- 13","38.7914","38.7733","38.9169","38.6608","","0.05%"
"2025- 05- 12","38.7724","38.7556","38.8389","38.5855","","0.03%"
"2025- 05- 09","38.7611","38.6218","38.8791","38.4663","","0.36%"
"2025- 05- 08","38.6218","38.6310","38.8031","38.2685","","-0.08%"
"2025- 05- 07","38.6511","38.6230","38.7307","38.4844","","0.07%"
"2025- 05- 06","38.6229","38.5640","38.8255","38.3683","","0.13%"
"2025- 05- 05","38.5720","38.5694","38.7154","38.4065","","0.01%"
"2025- 05- 02","38.5698","38.4480","38.7148","38.3291","","0.32%"
"2025- 05- 01","38.4479","38.4908","38.6308","38.3549","","-0.11%"
"2025- 04- 30","38.4908","38.4713","38.6805","38.3226","","0.05%"
"2025- 04- 29","38.4713","38.4351","38.7132","38.2406","","0.10%"
"2025- 04- 28","38.4339","38.4228","38.6690","38.1685","","0.03%"
"2025- 04- 25","38.4235","38.3497","38.5610","38.2530","","0.20%"
"2025- 04- 24","38.3464","38.3025","38.4966","38.0531","","0.11%"
"2025- 04- 23","38.3025","38.2634","38.4118","38.1167","","0.10%"
"2025- 04- 22","38.2634","38.1962","38.4295","38.0802","","0.24%"
"2025- 04- 21","38.1701","38.1176","38.3729","37.8816","","1.37%"
"2025- 04- 18","37.6529","38.0260","38.3498","37.7873","","0.12%"
"2025- 04- 17","37.6085","38.1383","38.2997","37.7798","","-1.37%"
"2025- 04- 16","38.1291","38.0836","38.3053","37.9788","","0.13%"
"2025- 04- 15","38.0785","38.0300","38.3140","37.8120","","0.14%"
"2025- 04- 14","38.0255","37.9900","38.2854","37.7681","","0.44%"
"2025- 04- 11","37.8604","37.9187","38.2802","37.8120","","-0.10%"
"2025- 04- 10","37.8965","37.9775","38.1097","37.7567","","-0.20%"
"2025- 04- 09","37.9706","37.9696","38.2957","37.7528","","0.07%"
"2025- 04- 08","37.9449","37.9889","38.1811","37.5828","","-0.02%"
"2025- 04- 07","37.9525","38.0035","38.2336","37.7544","","-0.10%"
"2025- 04- 04","37.9907","37.9404","38.2823","37.7381","","0.14%"
"2025- 04- 03","37.9383","37.9451","38.1679","37.6180","","0.05%"
"2025- 04- 02","37.9178","37.9417","38.2333","37.6895","","-0.06%"
"2025- 04- 01","37.9396","37.9474","38.2367","37.6548","","-0.01%"
"2025- 03- 31","37.9417","37.9810","38.1728","37.7475","","0.17%"
"2025- 03- 28","37.8759","38.0010","38.2930","37.7125","","-0.10%"
"2025- 03- 27","37.9122","37.9950","38.2382","37.7413","","-0.21%"
"2025- 03- 26","37.9929","37.9761","38.4613","37.7858","","0.12%"
"2025- 03- 25","37.9463","37.9770","38.2014","37.6698","","0.00%"
"2025- 03- 24","37.9464","37.8790","38.2562","37.4940","","1.52%"
"2025- 03- 21","37.3800","37.9525","38.4228","37.3859","","-0.21%"
"2025- 03- 20","37.4600","37.8733","38.3364","37.3250","","-0.50%"
"2025- 03- 19","37.6500","36.6875","41.2164","36.5738","","2.64%"
"2025- 03- 18","36.6825","36.6363","36.7878","36.5220","","0.60%"
"2025- 03- 17","36.4651","36.6600","36.7799","36.5261","","-0.13%"
"2025- 03- 14","36.5133","36.6211","36.9945","36.4544","","0.27%"
"2025- 03- 13","36.4132","36.5879","36.7095","36.4864","","-0.07%"
"2025- 03- 12","36.4374","36.5970","36.7557","36.4486","","-0.34%"
"2025- 03- 11","36.5621","36.5471","36.7277","36.2759","","0.07%"
"2025- 03- 10","36.5370","36.4559","36.6776","36.3480","","0.14%"
"2025- 03- 07","36.4861","36.4144","36.6479","36.2236","","0.28%"
"2025- 03- 06","36.3854","36.4371","36.5617","36.2982","","-0.11%"
"2025- 03- 05","36.4241","36.4465","36.5503","36.3242","","-0.04%"
"2025- 03- 04","36.4404","36.4460","36.5750","36.3265","","0.00%"
"2025- 03- 03","36.4416","36.5154","36.6989","36.2733","","0.13%"
"2025- 02- 28","36.3935","36.4399","36.6948","36.2741","","-0.04%"
"2025- 02- 27","36.4088","36.4593","36.5485","36.2626","","-0.10%"
"2025- 02- 26","36.4470","36.4504","36.5711","36.3226","","0.08%"
"2025- 02- 25","36.4186","36.6850","36.7232","36.3270","","-0.01%"
"2025- 02- 24","36.4237","36.4300","36.6188","36.2156","","0.11%"
"2025- 02- 21","36.3822","36.2520","36.6859","36.1833","","0.36%"
"2025- 02- 20","36.2502","36.2995","36.3776","36.1821","","-0.04%"
"2025- 02- 19","36.2652","36.2825","36.4077","36.1742","","0.03%"
"2025- 02- 18","36.2549","36.2340","36.4014","36.0819","","0.12%"
"2025- 02- 17","36.2114","36.2195","36.4313","35.9846","","0.00%"
"2025- 02- 14","36.2130","36.1377","36.4175","36.0420","","0.25%"
"2025- 02- 13","36.1213","36.1013","36.2701","35.9613","","0.08%"
"2025- 02- 12","36.0936","36.0413","36.2357","35.8773","","0.20%"
"2025- 02- 11","36.0220","35.9816","36.1397","35.8455","","0.08%"
"2025- 02- 10","35.9933","35.9915","36.2224","35.7370","","0.02%"
"2025- 02- 07","35.9863","35.8850","36.1475","35.4093","","0.35%"
"2025- 02- 06","35.8625","35.9121","35.9847","35.7731","","-0.05%"
"2025- 02- 05","35.8787","35.9449","36.0876","35.7940","","-0.14%"
"2025- 02- 04","35.9301","35.9599","36.1196","35.7977","","-0.03%"
"2025- 02- 03","35.9406","35.7849","36.1233","35.6835","","0.68%"
"2025- 01- 31","35.6977","35.7865","36.0191","35.4788","","-0.20%"
"2025- 01- 30","35.7677","35.8073","35.8669","35.6712","","-0.09%"
"2025- 01- 29","35.7982","35.7305","35.8628","35.6450","","0.30%"
"2025- 01- 28","35.6922","35.7442","35.8809","35.6246","","-0.13%"
"2025- 01- 27","35.7385","35.6644","35.8529","35.5668","","0.26%"
"2025- 01- 24","35.6454","35.6490","35.7739","35.5384","","0.07%"
"2025- 01- 23","35.6201","35.6562","35.7437","35.5352","","-0.05%"
"2025- 01- 22","35.6380","35.6116","35.7296","35.5285","","0.55%"
"2025- 01- 21","35.4420","35.5708","35.7319","35.4609","","-0.32%"
"2025- 01- 20","35.5563","35.5004","35.7091","35.4195","","0.35%"
"2025- 01- 17","35.4307","35.4337","35.7308","35.2706","","0.01%"
"2025- 01- 16","35.4287","35.4525","35.5462","35.3323","","-0.05%"
"2025- 01- 15","35.4473","35.4739","35.6071","35.3634","","-0.07%"
"2025- 01- 14","35.4711","35.4852","35.5949","35.3775","","0.00%"
"2025- 01- 13","35.4709","35.4013","35.5833","35.2945","","0.24%"
"2025- 01- 10","35.3852","35.3511","35.5342","35.2605","","0.16%"
"2025- 01- 09","35.3291","35.3124","35.5111","35.2073","","0.14%"
"2025- 01- 08","35.2781","35.3353","35.4535","35.2325","","-0.11%"
"2025- 01- 07","35.3186","35.3049","35.4543","35.2183","","0.07%"
"2025- 01- 06","35.2927","35.3569","35.5093","35.1823","","-0.13%"
"2025- 01- 03","35.3376","35.3529","35.5164","35.2043","","-0.03%"
"2025- 01- 02","35.3476","35.3647","35.4871","35.1345","","-0.03%"
"2025- 01- 01","35.3585","35.3130","35.4250","35.2518","","0.07%"
"2024- 12- 31","35.3350","35.3290","35.7369","35.1300","","0.06%"
"2024- 12- 30","35.3123","35.0723","35.4430","35.0123","","0.69%"
"2024- 12- 27","35.0702","35.1760","35.4381","34.9089","","-0.17%"
"2024- 12- 26","35.1316","35.2250","35.3779","35.0440","","-0.17%"
"2024- 12- 25","35.1905","35.1455","35.4469","34.9750","","0.29%"
"2024- 12- 24","35.0875","35.2130","35.3782","34.9070","","-0.22%"
"2024- 12- 23","35.1642","35.1902","35.3645","34.9866","","0.02%"
"2024- 12- 20","35.1588","35.1029","35.3276","35.0030","","0.26%"
"2024- 12- 19","35.0675","35.0370","35.1978","34.9391","","0.10%"
"2024- 12- 18","35.0320","34.9773","35.1246","34.8536","","0.16%"
"2024- 12- 17","34.9746","34.9531","35.0950","34.8465","","0.07%"
"2024- 12- 16","34.9508","34.9428","35.0548","34.8237","","0.08%"
"2024- 12- 13","34.9238","34.8991","35.0434","34.7699","","0.15%"
"2024- 12- 12","34.8701","34.8811","34.9991","34.7506","","0.05%"
"2024- 12- 11","34.8540","34.8615","34.9772","34.7547","","0.07%"
"2024- 12- 10","34.8285","34.8287","34.9938","34.6140","","0.06%"
"2024- 12- 09","34.8059","34.7402","34.9165","34.6656","","0.20%"
"2024- 12- 06","34.7376","34.7122","34.8896","34.6026","","0.17%"
"2024- 12- 05","34.6778","34.7410","34.8714","34.5985","","0.17%"
"2024- 12- 04","34.6200","34.7359","34.8699","34.6106","","-0.25%"
"2024- 12- 03","34.7071","34.7201","34.8037","34.6375","","0.02%"
"2024- 12- 02","34.7014","34.6902","34.8340","34.5830","","0.03%"
"2024- 11- 29","34.6913","34.6245","34.8088","34.4812","","0.22%"
"2024- 11- 28","34.6145","34.6412","34.8092","34.4993","","-0.02%"
"2024- 11- 27","34.6206","34.6395","34.8313","34.5227","","0.03%"
"2024- 11- 26","34.6085","34.5350","34.7640","34.4696","","0.18%"
"2024- 11- 25","34.5452","34.5191","34.7757","34.2747","","0.01%"
"2024- 11- 22","34.5434","34.4891","34.7063","34.3408","","0.25%"
"2024- 11- 21","34.4565","34.4632","34.6381","34.3332","","0.04%"
"2024- 11- 20","34.4415","34.4768","34.6248","34.3434","","0.41%"
"2024- 11- 19","34.3000","34.5272","34.8820","34.3610","","-0.63%"
"2024- 11- 18","34.5181","34.4322","34.7108","34.2906","","0.29%"
"2024- 11- 15","34.4185","34.3375","34.8946","34.2240","","0.29%"
"2024- 11- 14","34.3182","34.3552","34.4736","34.1694","","-0.09%"
"2024- 11- 13","34.3501","34.3467","34.4876","34.1638","","0.01%"
"2024- 11- 12","34.3465","34.3367","34.4976","34.1992","","0.09%"
"2024- 11- 11","34.3169","34.3530","34.4873","34.2346","","-0.16%"
"2024- 11- 08","34.3722","34.2345","34.5486","34.1365","","0.45%"
"2024- 11- 07","34.2177","34.2074","34.3238","34.0854","","0.09%"
"2024- 11- 06","34.1862","34.3167","34.4754","34.0922","","-0.37%"
"2024- 11- 05","34.3118","34.3460","34.4545","34.1646","","-0.06%"
"2024- 11- 04","34.3337","34.3250","34.4682","34.2238","","0.09%"
"2024- 11- 01","34.3020","34.2555","34.5047","34.1385","","0.14%"
"2024- 10- 31","34.2540","34.2475","34.3947","34.1388","","0.15%"
"2024- 10- 30","34.2044","34.2710","34.3490","34.0490","","-0.15%"
"2024- 10- 29","34.2554","34.3018","34.3630","34.1721","","-0.08%"
"2024- 10- 28","34.2822","34.2873","34.4432","34.1380","","0.00%"
"2024- 10- 25","34.2827","34.2520","34.4622","34.1135","","0.19%"
"2024- 10- 24","34.2181","34.2843","34.3840","34.1265","","-0.10%"
"2024- 10- 23","34.2527","34.2559","34.4300","34.1087","","0.05%"
"2024- 10- 22","34.2357","34.2115","34.3266","34.1408","","0.42%"
"2024- 10- 21","34.0920","34.2374","34.4857","34.0303","","0.31%"
"2024- 10- 18","33.9850","34.1302","34.4888","34.0139","","-0.41%"
"2024- 10- 17","34.1245","34.1724","34.2895","34.0224","","-0.10%"
"2024- 10- 16","34.1594","34.2123","34.4188","33.9230","","-0.03%"
"2024- 10- 15","34.1692","34.2690","34.5386","34.0721","","-0.26%"
"2024- 10- 14","34.2569","34.2895","34.4190","34.1573","","0.04%"
"2024- 10- 11","34.2442","34.1856","34.4724","34.0838","","0.27%"
"2024- 10- 10","34.1519","34.2351","34.3665","34.0811","","-0.17%"
"2024- 10- 09","34.2087","34.2623","34.3422","34.1223","","-0.09%"
"2024- 10- 08","34.2407","34.2630","34.3532","34.0505","","0.02%"
"2024- 10- 07","34.2350","34.2529","34.3763","34.1376","","-0.04%"
"2024- 10- 04","34.2500","34.1309","34.4154","34.0084","","0.42%"
"2024- 10- 03","34.1055","34.2168","34.3297","34.0047","","-0.22%"
"2024- 10- 02","34.1819","34.2126","34.2947","33.9937","","-0.07%"
"2024- 10- 01","34.2057","34.1863","34.3672","34.0627","","0.13%"
"2024- 09- 30","34.1605","34.1699","34.3536","34.0014","","0.00%"
"2024- 09- 27","34.1615","34.1525","34.3205","34.0017","","0.06%"
"2024- 09- 26","34.1398","34.1380","34.2794","33.9700","","0.10%"
"2024- 09- 25","34.1064","34.1219","34.2245","34.0075","","-0.02%"
"2024- 09- 24","34.1137","34.1272","34.2700","33.9810","","-0.02%"
"2024- 09- 23","34.1189","34.1030","34.3298","33.9398","","0.08%"
"2024- 09- 20","34.0926","34.0299","34.1842","33.9458","","0.20%"
"2024- 09- 19","34.0253","34.0701","34.2141","33.8847","","-0.13%"
"2024- 09- 18","34.0687","34.0812","34.1920","33.9461","","-0.03%"
"2024- 09- 17","34.0795","33.9977","34.1527","33.8829","","0.30%"
"2024- 09- 16","33.9779","33.9234","34.2140","33.6661","","0.30%"
"2024- 09- 13","33.8762","33.9083","34.0761","33.7585","","-0.10%"
"2024- 09- 12","33.9086","33.9865","34.0667","33.8085","","-0.17%"
"2024- 09- 11","33.9678","34.0369","34.1283","33.8703","","-0.13%"
"2024- 09- 10","34.0122","34.0627","34.1892","33.9322","","-0.07%"
"2024- 09- 09","34.0361","33.9945","34.2093","33.8147","","0.25%"
"2024- 09- 06","33.9505","33.9501","34.1477","33.8155","","0.09%"
"2024- 09- 05","33.9195","34.0042","34.1563","33.8358","","-0.19%"
"2024- 09- 04","33.9857","34.0033","34.1315","33.8690","","0.04%"
"2024- 09- 03","33.9735","33.8821","34.0725","33.7706","","0.28%"
"2024- 09- 02","33.8799","34.0452","34.1537","33.7450","","-0.56%"
"2024- 08- 30","34.0711","34.0710","34.1739","33.9958","","0.00%"
"2024- 08- 29","34.0694","34.0567","34.2712","33.8625","","0.11%"
"2024- 08- 28","34.0312","34.0194","34.4742","33.9104","","0.09%"
"2024- 08- 27","34.0006","34.0010","34.0882","33.8925","","0.09%"
"2024- 08- 26","33.9691","33.9919","34.0896","33.7980","","0.03%"
"2024- 08- 23","33.9588","33.9065","34.0559","33.7948","","0.74%"
"2024- 08- 22","33.7100","33.8767","34.0038","33.7816","","-0.36%"
"2024- 08- 21","33.8313","33.8858","34.0490","33.7807","","-0.08%"
"2024- 08- 20","33.8575","33.7020","33.9736","33.6469","","0.86%"
"2024- 08- 19","33.5690","33.6752","33.8088","33.5615","","-0.28%"
"2024- 08- 16","33.6632","33.6392","33.9940","33.5339","","0.18%"
"2024- 08- 15","33.6042","33.6095","33.7179","33.4868","","0.01%"
"2024- 08- 14","33.5992","33.5393","33.6825","33.4212","","0.21%"
"2024- 08- 13","33.5301","33.4950","33.6460","33.3650","","0.48%"
"2024- 08- 12","33.3700","33.5291","33.6455","33.4043","","-0.34%"
"2024- 08- 09","33.4839","33.5191","33.6470","33.3735","","-0.04%"
"2024- 08- 08","33.4959","33.4729","33.6085","33.3699","","0.20%"
"2024- 08- 07","33.4293","33.6010","33.7030","33.3667","","-0.42%"
"2024- 08- 06","33.5696","33.3534","33.7718","33.1576","","0.73%"
"2024- 08- 05","33.3248","33.2248","33.4689","33.1530","","0.47%"
"2024- 08- 02","33.1680","33.1137","33.3339","33.0242","","0.25%"
"2024- 08- 01","33.0853","33.1509","33.2387","32.9846","","-0.17%"
"2024- 07- 31","33.1401","33.0888","33.2641","33.0180","","0.18%"
"2024- 07- 30","33.0794","33.0810","33.1705","32.9571","","0.10%"
"2024- 07- 29","33.0458","32.9600","33.2287","32.8288","","0.43%"
"2024- 07- 26","32.9042","32.9500","33.1946","32.8027","","-0.13%"
"2024- 07- 25","32.9480","32.8225","33.1779","32.7557","","0.51%"
"2024- 07- 24","32.7792","32.8516","32.9824","32.7294","","-0.22%"
"2024- 07- 23","32.8527","32.9115","33.1357","32.6804","","-0.17%"
"2024- 07- 22","32.9085","33.0002","33.2234","32.7612","","-0.44%"
"2024- 07- 19","33.0549","33.0739","33.2333","32.8955","","0.02%"
"2024- 07- 18","33.0488","33.0807","33.1745","32.9744","","0.00%"
"2024- 07- 17","33.0502","33.0522","33.2932","32.9619","","-0.01%"
"2024- 07- 16","33.0531","32.9971","33.1473","32.9128","","0.26%"
"2024- 07- 15","32.9686","33.0088","33.1539","32.9186","","-0.16%"
"2024- 07- 12","33.0214","32.8321","33.1271","32.7682","","0.67%"
"2024- 07- 11","32.8013","32.8614","33.0121","32.7329","","-0.17%"
"2024- 07- 10","32.8564","32.8732","33.0793","32.7443","","0.12%"
"2024- 07- 09","32.8170","32.6861","33.0338","32.6143","","0.44%"
"2024- 07- 08","32.6745","32.6750","32.8695","32.4850","","0.12%"
"2024- 07- 05","32.6350","32.5779","32.8740","32.4780","","0.38%"
"2024- 07- 04","32.5130","32.5514","32.6390","32.4105","","-0.07%"
"2024- 07- 03","32.5342","32.5494","32.6963","32.4030","","-0.04%"
"2024- 07- 02","32.5470","32.6550","32.7721","32.4418","","-0.25%"
"2024- 07- 01","32.6297","32.7728","32.8680","32.5291","","-0.06%"
"2024- 06- 28","32.6485","32.8650","33.0728","32.5850","","-0.47%"
"2024- 06- 27","32.8041","32.8446","32.9963","32.7326","","-0.10%"
"2024- 06- 26","32.8379","32.9544","33.0616","32.7100","","-0.25%"
"2024- 06- 25","32.9206","32.9192","33.0637","32.7925","","0.01%"
"2024- 06- 24","32.9169","32.8162","32.9703","32.6834","","0.26%"
"2024- 06- 21","32.8322","32.8079","32.9660","32.6775","","0.08%"
"2024- 06- 20","32.8060","32.5269","32.9230","32.4162","","0.93%"
"2024- 06- 19","32.5024","32.3704","32.7327","32.3704","","0.05%"
"2024- 06- 18","32.4853","32.8157","32.9141","32.4829","","-0.92%"
"2024- 06- 17","32.7859","32.7267","32.9220","32.6717","","0.49%"
"2024- 06- 14","32.6273","32.3116","32.8767","32.2826","","1.08%"
"2024- 06- 13","32.2788","32.3067","32.4276","32.1573","","-0.09%"
"2024- 06- 12","32.3064","32.3602","32.4374","32.1871","","-0.05%"
"2024- 06- 11","32.3221","32.3747","32.4763","32.2380","","-0.05%"
"2024- 06- 10","32.3374","32.4275","32.5784","32.1580","","0.29%"
"2024- 06- 07","32.2430","32.2367","32.5483","32.1185","","0.03%"
"2024- 06- 06","32.2319","32.2566","32.4100","32.0546","","0.00%"
"2024- 06- 05","32.2303","32.5830","32.7046","32.1248","","-1.06%"
"2024- 06- 04","32.5745","32.1878","32.6791","32.0570","","1.26%"
"2024- 06- 03","32.1678","32.2267","32.3203","32.0892","","-0.20%"
"2024- 05- 31","32.2322","32.2118","32.5459","32.0631","","0.09%"
"2024- 05- 30","32.2042","32.2560","32.4617","32.1135","","0.07%"
"2024- 05- 29","32.1825","32.2345","32.3707","32.1052","","-0.16%"
"2024- 05- 28","32.2335","32.1198","32.3315","31.9362","","0.33%"
"2024- 05- 27","32.1282","32.2136","32.3523","31.9307","","-0.22%"
"2024- 05- 24","32.2003","32.1861","32.3366","32.0480","","0.13%"
"2024- 05- 23","32.1585","32.1970","32.2805","32.0602","","-0.09%"
"2024- 05- 22","32.1861","32.1970","32.5462","32.0712","","0.20%"
"2024- 05- 21","32.1226","32.2090","32.3077","32.0694","","-0.03%"
"2024- 05- 20","32.1327","32.2850","32.3391","32.0275","","-0.20%"
"2024- 05- 17","32.1987","32.2763","32.4090","32.0647","","-0.23%"
"2024- 05- 16","32.2716","32.1645","32.3326","32.0385","","0.35%"
"2024- 05- 15","32.1600","32.2823","32.3845","32.0811","","-0.33%"
"2024- 05- 14","32.2659","32.2024","32.3840","32.0204","","-0.03%"
"2024- 05- 13","32.2740","32.2167","32.4631","32.0622","","0.23%"
"2024- 05- 10","32.1989","32.2861","32.3941","32.0695","","-0.12%"
"2024- 05- 09","32.2380","32.2475","32.4198","32.0457","","0.04%"
"2024- 05- 08","32.2239","32.2688","32.5808","32.1358","","-0.09%"
"2024- 05- 07","32.2515","32.2605","32.3730","32.1167","","-0.03%"
"2024- 05- 06","32.2624","32.3452","32.6051","32.1196","","-0.22%"
"2024- 05- 03","32.3346","32.3741","32.5275","32.1666","","0.10%"
"2024- 05- 02","32.3014","32.4850","32.5266","32.2183","","-0.48%"
"2024- 05- 01","32.4565","32.4148","32.5776","32.3353","","0.17%"
"2024- 04- 30","32.4007","32.5064","32.5480","32.1792","","-0.05%"
"2024- 04- 29","32.4153","32.5080","32.6239","32.1731","","0.04%"
"2024- 04- 26","32.4036","32.5183","32.6520","32.3056","","-0.34%"
"2024- 04- 25","32.5152","32.5510","32.6549","32.3826","","-0.07%"
"2024- 04- 24","32.5393","32.5533","32.6311","32.3922","","0.15%"
"2024- 04- 23","32.4915","32.5415","32.6901","32.4240","","0.02%"
"2024- 04- 22","32.4862","32.4992","32.6946","32.3508","","-0.02%"
"2024- 04- 19","32.4941","32.5279","32.8862","32.2980","","-0.09%"
"2024- 04- 18","32.5224","32.4218","32.5914","32.3394","","0.43%"
"2024- 04- 17","32.3816","32.4980","32.6702","32.3278","","-0.01%"
"2024- 04- 16","32.3857","32.4213","32.5764","32.3056","","-0.05%"
"2024- 04- 15","32.4013","32.3640","32.6287","32.1775","","0.17%"
"2024- 04- 12","32.3468","32.3046","33.0275","32.0924","","0.15%"
"2024- 04- 11","32.2996","32.3009","32.4228","32.1609","","0.07%"
"2024- 04- 10","32.2779","32.2318","32.3985","32.1253","","0.02%"
"2024- 04- 09","32.2706","32.0396","32.3697","31.9622","","0.92%"
"2024- 04- 08","31.9764","32.0303","32.2547","31.8024","","-0.19%"
"2024- 04- 05","32.0374","31.9115","32.1277","31.7528","","0.52%"
"2024- 04- 04","31.8703","31.9492","32.0345","31.7744","","-0.24%"
"2024- 04- 03","31.9485","32.0279","32.1955","31.8378","","-0.30%"
"2024- 04- 02","32.0436","32.1027","32.4115","31.8862","","-0.10%"
"2024- 04- 01","32.0750","32.3469","32.5582","31.4914","","-0.84%"
"2024- 03- 29","32.3460","32.3441","32.6438","32.1479","","0.13%"
"2024- 03- 28","32.3045","32.2850","32.4294","32.1939","","0.18%"
"2024- 03- 27","32.2459","32.1829","32.3353","32.0572","","0.22%"
"2024- 03- 26","32.1737","32.1471","32.2762","32.0561","","0.18%"
"2024- 03- 25","32.1146","32.0013","32.2793","31.8147","","0.32%"
"2024- 03- 22","32.0132","32.0734","32.3213","31.7126","","-0.05%"
"2024- 03- 21","32.0294","32.3923","32.4972","31.6630","","-0.39%"
"2024- 03- 20","32.1558","32.3604","32.5024","32.1390","","-0.63%"
"2024- 03- 19","32.3583","32.3118","32.5760","32.2323","","0.35%"
"2024- 03- 18","32.2460","32.1168","32.5624","32.0715","","0.41%"
"2024- 03- 15","32.1144","32.1487","32.4403","32.0098","","-0.09%"
"2024- 03- 14","32.1441","32.0840","32.2877","31.8960","","0.74%"
"2024- 03- 13","31.9074","32.0639","32.6026","31.9595","","-0.38%"
"2024- 03- 12","32.0278","32.0233","32.1668","31.9360","","0.26%"
"2024- 03- 11","31.9448","31.8216","32.1325","31.8078","","0.33%"
"2024- 03- 08","31.8400","31.8627","32.0261","31.6679","","-0.07%"
"2024- 03- 07","31.8612","31.7579","31.9315","31.6907","","0.45%"
"2024- 03- 06","31.7191","31.6781","31.9672","31.5753","","0.30%"
"2024- 03- 05","31.6239","31.5641","31.8018","31.4816","","0.19%"
"2024- 03- 04","31.5636","31.4082","31.7748","31.3039","","0.81%"
"2024- 03- 01","31.3099","31.2395","31.4860","31.1581","","0.39%"
"2024- 02- 29","31.1883","31.2055","31.3424","31.1033","","0.06%"
"2024- 02- 28","31.1695","31.1457","31.4385","31.0555","","0.31%"
"2024- 02- 27","31.0735","31.1172","31.3771","31.0280","","0.10%"
"2024- 02- 26","31.0430","31.0610","31.3678","30.9853","","0.25%"
"2024- 02- 23","30.9651","30.7327","31.1714","30.7241","","0.28%"
"2024- 02- 22","30.8793","30.9886","31.1350","30.6468","","-0.09%"
"2024- 02- 21","30.9057","30.9240","31.2150","30.8195","","0.02%"
"2024- 02- 20","30.8981","30.8472","31.1185","30.7502","","0.28%"
"2024- 02- 19","30.8121","30.8450","30.9900","30.6877","","-0.02%"
"2024- 02- 16","30.8182","30.7504","30.9060","30.6413","","0.33%"
"2024- 02- 15","30.7180","30.7490","31.1329","30.4871","","-0.05%"
"2024- 02- 14","30.7349","30.7208","30.9395","30.6238","","0.07%"
"2024- 02- 13","30.7148","30.7166","30.8037","30.5391","","0.24%"
"2024- 02- 12","30.6403","30.6733","30.8100","30.5246","","0.27%"
"2024- 02- 09","30.5580","30.6012","30.7994","30.1707","","-0.04%"
"2024- 02- 08","30.5696","30.5735","30.6930","30.4075","","0.10%"
"2024- 02- 07","30.5401","30.4050","30.7238","30.3687","","0.70%"
"2024- 02- 06","30.3276","30.5420","30.8417","30.2846","","-0.68%"
"2024- 02- 05","30.5341","30.5016","30.7049","30.3659","","0.44%"
"2024- 02- 02","30.3990","30.3442","30.6622","30.2866","","0.43%"
"2024- 02- 01","30.2700","30.3406","30.4545","30.2330","","-0.15%"
"2024- 01- 31","30.3151","30.3426","30.4685","30.1420","","-0.03%"
"2024- 01- 30","30.3239","30.3438","30.4860","30.2433","","0.04%"
"2024- 01- 29","30.3123","30.2575","30.4476","30.1751","","0.13%"
"2024- 01- 26","30.2743","30.2638","30.6496","29.9272","","0.13%"
"2024- 01- 25","30.2347","30.2318","30.3659","30.1398","","0.02%"
"2024- 01- 24","30.2285","30.2778","30.4284","29.9869","","0.03%"
"2024- 01- 23","30.2182","30.2691","30.4130","29.9452","","0.00%"
"2024- 01- 22","30.2192","30.2091","30.3144","30.1117","","0.06%"
"2024- 01- 19","30.2017","30.1300","30.3146","30.0555","","0.30%"
"2024- 01- 18","30.1101","30.1309","30.2719","30.0226","","0.06%"
"2024- 01- 17","30.0906","30.0922","30.2140","30.0015","","0.25%"
"2024- 01- 16","30.0168","30.0814","30.3616","29.7918","","-0.19%"
"2024- 01- 15","30.0743","30.0753","30.2442","29.8075","","0.04%"
"2024- 01- 12","30.0636","30.0073","30.5469","29.9095","","0.33%"
"2024- 01- 11","29.9642","29.9700","30.0767","29.7243","","0.04%"
"2024- 01- 10","29.9519","29.9464","30.0480","29.8230","","0.29%"
"2024- 01- 09","29.8658","29.8944","30.0215","29.8105","","-0.03%"
"2024- 01- 08","29.8761","29.8248","29.9806","29.7125","","0.19%"
"2024- 01- 05","29.8202","29.7527","29.9391","29.6860","","0.24%"
"2024- 01- 04","29.7490","29.7764","29.9119","29.6513","","0.19%"
"2024- 01- 03","29.6927","29.7346","29.9611","29.6475","","0.05%"
"2024- 01- 02","29.6770","29.5648","29.8270","29.5125","","0.48%"
"2024- 01- 01","29.5364","29.4477","29.6600","29.4477","","0.20%"
"2023- 12- 29","29.4766","29.4308","29.7808","29.1931","","0.23%"
"2023- 12- 28","29.4094","29.3471","29.5333","29.2971","","0.12%"
"2023- 12- 27","29.3733","29.2461","29.4710","29.1500","","0.65%"
"2023- 12- 26","29.1831","29.3193","29.4013","29.1380","","-0.22%"
"2023- 12- 25","29.2464","29.1425","29.3682","28.9514","","0.17%"
"2023- 12- 22","29.1982","29.1417","29.4343","29.0505","","0.32%"
"2023- 12- 21","29.1056","29.1333","29.2707","29.0222","","-0.02%"
"2023- 12- 20","29.1117","29.0918","29.1928","28.9883","","0.14%"
"2023- 12- 19","29.0701","29.0593","29.1749","28.9457","","0.11%"
"2023- 12- 18","29.0376","29.0000","29.1273","28.8654","","0.30%"
"2023- 12- 15","28.9511","28.9870","29.1350","28.8513","","-0.06%"
"2023- 12- 14","28.9673","28.9734","29.1101","28.8475","","0.07%"
"2023- 12- 13","28.9457","28.9822","29.1547","28.8625","","0.15%"
"2023- 12- 12","28.9031","28.9550","29.1170","28.8545","","-0.14%"
"2023- 12- 11","28.9434","28.9453","29.1292","28.8442","","0.30%"
"2023- 12- 08","28.8557","28.9234","29.1213","28.8176","","-0.23%"
"2023- 12- 07","28.9211","28.8895","29.0140","28.7992","","0.17%"
"2023- 12- 06","28.8728","28.9005","29.0233","28.7852","","0.00%"
"2023- 12- 05","28.8724","28.9284","29.0231","28.7771","","-0.20%"
"2023- 12- 04","28.9293","28.9128","29.1292","28.7631","","0.14%"
"2023- 12- 01","28.8885","28.8743","29.0180","28.6971","","0.12%"
"2023- 11- 30","28.8552","28.9249","29.0315","28.6602","","-0.08%"
"2023- 11- 29","28.8787","28.9164","29.0214","28.7838","","-0.04%"
"2023- 11- 28","28.8900","28.9069","29.0112","28.7915","","0.03%"
"2023- 11- 27","28.8823","28.8656","28.9945","28.7475","","0.08%"
"2023- 11- 24","28.8606","28.8222","28.9881","28.7283","","0.28%"
"2023- 11- 23","28.7799","28.8333","28.9496","28.4885","","-0.17%"
"2023- 11- 22","28.8282","28.7809","28.9269","28.6871","","0.21%"
"2023- 11- 21","28.7688","28.7591","28.8811","28.5900","","0.27%"
"2023- 11- 20","28.6900","28.6770","28.8538","28.5550","","0.12%"
"2023- 11- 17","28.6545","28.6095","28.8794","28.4230","","0.39%"
"2023- 11- 16","28.5422","28.6758","28.7955","28.5189","","-0.39%"
"2023- 11- 15","28.6553","28.6228","28.8522","28.3692","","0.13%"
"2023- 11- 14","28.6189","28.5990","28.7747","28.4963","","0.20%"
"2023- 11- 13","28.5604","28.5450","28.6851","28.4350","","0.12%"
"2023- 11- 10","28.5251","28.4725","28.8050","28.4030","","0.40%"
"2023- 11- 09","28.4110","28.4681","28.6089","28.3575","","-0.08%"
"2023- 11- 08","28.4324","28.4882","28.6161","28.3404","","-0.06%"
"2023- 11- 07","28.4483","28.4428","28.6687","28.3345","","0.30%"
"2023- 11- 06","28.3618","28.2150","28.5210","28.2150","","-0.06%"
"2023- 11- 03","28.3775","28.3534","28.6173","28.1940","","0.22%"
"2023- 11- 02","28.3161","28.3248","28.4791","28.1595","","0.01%"
"2023- 11- 01","28.3125","28.3123","28.4125","28.1150","","0.13%"
"2023- 10- 31","28.2752","28.2602","28.4988","28.0940","","0.16%"
"2023- 10- 30","28.2289","28.2296","28.4035","28.0220","","0.23%"
"2023- 10- 27","28.1636","28.1656","28.3487","27.9522","","0.13%"
"2023- 10- 26","28.1282","28.1306","28.3807","27.9815","","0.05%"
"2023- 10- 25","28.1139","28.1019","28.3559","27.9986","","0.05%"
"2023- 10- 24","28.1008","28.0813","28.2477","27.9375","","0.15%"
"2023- 10- 23","28.0588","27.9997","28.1653","27.9092","","0.40%"
"2023- 10- 20","27.9483","27.9721","28.2586","27.7346","","-0.03%"
"2023- 10- 19","27.9569","28.0050","28.2200","27.8645","","-0.15%"
"2023- 10- 18","27.9978","27.9005","28.2640","27.8402","","0.28%"
"2023- 10- 17","27.9187","27.8620","28.0576","27.6243","","0.23%"
"2023- 10- 16","27.8552","27.8040","27.9890","27.6026","","0.34%"
"2023- 10- 13","27.7612","27.7442","27.9603","27.6529","","0.24%"
"2023- 10- 12","27.6950","27.7024","27.8321","27.5934","","-0.01%"
"2023- 10- 11","27.6979","27.7269","27.9132","27.5410","","-0.03%"
"2023- 10- 10","27.7050","27.6978","28.0058","27.5370","","0.14%"
"2023- 10- 09","27.6650","27.6298","28.2213","27.4286","","0.45%"
"2023- 10- 06","27.5405","27.5645","27.9565","27.4118","","0.12%"
"2023- 10- 05","27.5067","27.5683","27.6572","27.3555","","0.04%"
"2023- 10- 04","27.4944","27.4828","27.7523","27.3795","","0.11%"
"2023- 10- 03","27.4633","27.4645","27.7148","27.3550","","0.14%"
"2023- 10- 02","27.4241","27.4042","27.8160","27.2744","","0.19%"
"2023- 09- 29","27.3712","27.3835","27.6716","27.2854","","0.03%"
"2023- 09- 28","27.3628","27.0666","27.5274","27.0259","","1.98%"
"2023- 09- 27","26.8303","27.2509","27.8100","26.8890","","-1.55%"
"2023- 09- 26","27.2514","27.2199","27.6140","27.0933","","0.26%"
"2023- 09- 25","27.1807","27.1700","27.3466","27.0657","","0.28%"
"2023- 09- 22","27.1038","27.1168","27.4477","27.0217","","-0.03%"
"2023- 09- 21","27.1121","27.0217","27.2389","26.6712","","0.49%"
"2023- 09- 20","26.9806","27.0167","27.1866","26.7194","","0.14%"
"2023- 09- 19","26.9440","27.0178","27.2183","26.7614","","-0.25%"
"2023- 09- 18","27.0121","26.9947","27.1066","26.7655","","0.35%"
"2023- 09- 15","26.9191","26.9489","27.2100","26.8004","","0.21%"
"2023- 09- 14","26.8625","26.9415","27.3548","26.8051","","-0.22%"
"2023- 09- 13","26.9215","26.8896","27.1423","26.7940","","0.27%"
"2023- 09- 12","26.8494","26.8757","27.1717","26.7057","","0.17%"
"2023- 09- 11","26.8047","26.8502","26.9743","26.5994","","-0.07%"
"2023- 09- 08","26.8228","26.8340","27.0792","26.7201","","0.15%"
"2023- 09- 07","26.7827","26.8200","27.1250","26.6471","","-0.04%"
"2023- 09- 06","26.7923","26.7756","26.9375","26.4571","","0.10%"
"2023- 09- 05","26.7646","26.7502","26.9065","26.5217","","0.09%"
"2023- 09- 04","26.7395","26.7167","26.9525","26.4798","","0.41%"
"2023- 09- 01","26.6311","26.6979","26.8312","26.5807","","-0.07%"
"2023- 08- 31","26.6502","26.7079","26.8719","26.5130","","-0.14%"
"2023- 08- 30","26.6868","26.5542","26.8545","26.3807","","0.50%"
"2023- 08- 29","26.5544","26.4894","26.7425","25.7953","","0.19%"
"2023- 08- 28","26.5030","26.3550","26.6710","26.3265","","-0.16%"
"2023- 08- 25","26.5465","25.7231","26.6600","25.6683","","2.96%"
"2023- 08- 24","25.7824","27.1961","27.3724","25.1590","","-5.14%"
"2023- 08- 23","27.1792","27.2045","27.3822","27.0467","","-0.03%"
"2023- 08- 22","27.1866","27.1572","27.3752","27.0106","","0.18%"
"2023- 08- 21","27.1390","27.1112","27.3064","26.9710","","0.40%"
"2023- 08- 18","27.0307","27.1071","27.2757","26.9325","","0.00%"
"2023- 08- 17","27.0317","27.0670","27.2890","26.9375","","-0.02%"
"2023- 08- 16","27.0381","27.0620","27.1735","26.9200","","-0.02%"
"2023- 08- 15","27.0440","27.0410","27.1917","26.8923","","0.11%"
"2023- 08- 14","27.0136","26.9538","27.3264","26.7817","","0.56%"
"2023- 08- 11","26.8632","27.0115","27.3167","26.8213","","-0.50%"
"2023- 08- 10","26.9986","27.0107","27.1789","26.5399","","0.04%"
"2023- 08- 09","26.9891","26.9798","27.3439","26.8283","","0.04%"
"2023- 08- 08","26.9794","26.9874","27.4184","26.8496","","0.02%"
"2023- 08- 07","26.9746","26.9748","27.1342","26.8132","","0.14%"
"2023- 08- 04","26.9371","26.9766","27.4131","26.8148","","-0.11%"
"2023- 08- 03","26.9670","26.9605","27.4725","26.8470","","0.04%"
"2023- 08- 02","26.9564","26.9657","27.3352","26.8210","","0.23%"
"2023- 08- 01","26.8938","26.9289","27.2537","26.8245","","-0.01%"
"2023- 07- 31","26.8955","26.8701","27.0768","26.7973","","-0.02%"
"2023- 07- 28","26.9003","26.9510","27.1623","26.7953","","-0.14%"
"2023- 07- 27","26.9392","26.9352","27.1229","26.7569","","0.08%"
"2023- 07- 26","26.9177","26.8995","27.0845","26.7190","","0.10%"
"2023- 07- 25","26.8918","26.9506","27.1814","26.7765","","-0.11%"
"2023- 07- 24","26.9217","26.9204","27.1812","26.7398","","-0.19%"
"2023- 07- 21","26.9729","26.7480","27.0825","26.6651","","0.92%"
"2023- 07- 20","26.7257","26.7927","27.1495","26.6192","","-0.18%"
"2023- 07- 19","26.7736","26.9252","27.3188","26.6133","","-0.54%"
"2023- 07- 18","26.9187","26.3508","27.1220","26.2227","","2.22%"
"2023- 07- 17","26.3351","26.1702","26.4592","25.9249","","0.92%"
"2023- 07- 14","26.0953","26.0419","26.3486","25.9564","","0.36%"
"2023- 07- 13","26.0026","26.1458","26.2966","25.9604","","-0.50%"
"2023- 07- 12","26.1328","26.1173","26.2700","25.9801","","0.54%"
"2023- 07- 11","25.9922","26.0973","26.2929","25.9158","","-0.39%"
"2023- 07- 10","26.0952","26.0676","26.2090","25.8712","","0.15%"
"2023- 07- 07","26.0552","26.0853","26.2651","25.8855","","-0.10%"
"2023- 07- 06","26.0823","26.0774","26.2878","25.6866","","0.03%"
"2023- 07- 05","26.0732","25.9993","26.2346","25.8414","","0.29%"
"2023- 07- 04","25.9966","25.9416","26.1987","25.7159","","0.35%"
"2023- 07- 03","25.9059","26.0510","26.2235","25.7132","","-0.54%"
"2023- 06- 30","26.0461","26.0378","26.1427","25.8298","","0.09%"
"2023- 06- 29","26.0235","26.0501","26.1373","25.9065","","-0.09%"
"2023- 06- 28","26.0481","26.0201","26.2304","25.8540","","0.18%"
"2023- 06- 27","26.0014","25.8861","26.2411","25.4209","","0.34%"
"2023- 06- 26","25.9137","25.2766","26.1788","25.0712","","2.70%"
"2023- 06- 23","25.2330","24.8850","26.0300","24.6885","","1.39%"
"2023- 06- 22","24.8877","23.5827","25.0060","23.3834","","5.78%"
"2023- 06- 21","23.5273","23.5715","23.7155","23.3689","","-0.10%"
"2023- 06- 20","23.5506","23.6109","23.7517","23.4412","","-0.25%"
"2023- 06- 19","23.6085","23.5800","23.7725","23.4298","","-0.03%"
"2023- 06- 16","23.6154","23.6601","23.7790","23.4510","","-0.18%"
"2023- 06- 15","23.6576","23.5641","23.7736","23.4322","","0.46%"
"2023- 06- 14","23.5483","23.6315","23.7662","23.3774","","-0.31%"
"2023- 06- 13","23.6215","23.6259","23.8066","23.3890","","0.00%"
"2023- 06- 12","23.6208","23.3994","23.7932","23.3771","","1.08%"
"2023- 06- 09","23.3673","23.1251","23.6189","23.0534","","1.06%"
"2023- 06- 08","23.1219","23.2480","23.5260","23.0164","","-0.53%"
"2023- 06- 07","23.2458","21.5740","23.3885","21.5734","","7.76%"
"2023- 06- 06","21.5719","21.2618","21.6451","21.1910","","1.47%"
"2023- 06- 05","21.2590","21.0019","21.3547","20.9089","","1.43%"
"2023- 06- 02","20.9589","20.8084","21.0292","20.6590","","0.77%"
"2023- 06- 01","20.7988","20.7993","20.9356","20.6165","","0.01%"
"2023- 05- 31","20.7973","20.4868","20.8990","20.3840","","1.60%"
"2023- 05- 30","20.4706","20.1042","20.5428","20.0380","","1.88%"
"2023- 05- 29","20.0919","19.9977","20.2169","19.8875","","0.81%"
"2023- 05- 26","19.9309","19.9394","20.1728","19.8120","","-0.01%"
"2023- 05- 25","19.9319","19.8967","20.0404","19.7805","","0.21%"
"2023- 05- 24","19.8897","19.8584","20.0028","19.7365","","0.22%"
"2023- 05- 23","19.8458","19.8302","20.3130","19.7165","","0.08%"
"2023- 05- 22","19.8308","19.8235","20.1600","19.6707","","0.23%"
"2023- 05- 19","19.7860","19.7982","19.9171","19.6405","","0.01%"
"2023- 05- 18","19.7844","19.7554","19.9020","19.6199","","0.21%"
"2023- 05- 17","19.7422","19.7260","19.8715","19.5788","","0.10%"
"2023- 05- 16","19.7229","19.6699","19.8290","19.5696","","0.36%"
"2023- 05- 15","19.6520","19.6140","19.7804","19.4798","","0.47%"
"2023- 05- 12","19.5600","19.5595","19.7355","19.4123","","0.10%"
"2023- 05- 11","19.5404","19.5443","19.7001","19.4249","","0.01%"
"2023- 05- 10","19.5378","19.5210","19.6588","19.3785","","0.19%"
"2023- 05- 09","19.5016","19.5075","19.6248","19.3993","","0.01%"
"2023- 05- 08","19.4994","19.5000","19.6313","19.3624","","-0.09%"
"2023- 05- 05","19.5172","19.4961","19.6155","19.3750","","0.13%"
"2023- 05- 04","19.4926","19.4753","19.5942","19.3630","","0.18%"
"2023- 05- 03","19.4581","19.4704","19.5849","19.3638","","0.06%"
"2023- 05- 02","19.4461","19.4573","19.5755","19.3490","","0.09%"
"2023- 05- 01","19.4282","19.4425","19.5413","19.3490","","-0.10%"
"2023- 04- 28","19.4478","19.4364","19.5609","19.3323","","0.07%"
"2023- 04- 27","19.4341","19.4231","19.5485","19.3115","","0.19%"
"2023- 04- 26","19.3972","19.4271","19.5385","19.3165","","-0.14%"
"2023- 04- 25","19.4245","19.3780","19.5270","19.2935","","0.07%"
"2023- 04- 24","19.4109","19.4042","19.5015","19.3033","","0.19%"
"2023- 04- 21","19.3741","19.4050","19.4865","19.3118","","-0.14%"
"2023- 04- 20","19.4010","19.3982","19.5086","19.2950","","0.08%"
"2023- 04- 19","19.3855","19.3874","19.5235","19.2868","","0.00%"
"2023- 04- 18","19.3857","19.3936","19.5091","19.2760","","0.00%"
"2023- 04- 17","19.3861","19.3653","19.5148","19.2652","","0.21%"
"2023- 04- 14","19.3446","19.3323","19.4725","19.2355","","0.16%"
"2023- 04- 13","19.3132","19.3128","19.4436","19.2232","","0.05%"
"2023- 04- 12","19.3030","19.2879","19.4079","19.1945","","0.12%"
"2023- 04- 11","19.2803","19.2758","19.3878","19.1780","","0.05%"
"2023- 04- 10","19.2707","19.2485","19.3696","19.1545","","0.22%"
"2023- 04- 07","19.2283","19.2518","19.3592","19.1357","","-0.09%"
"2023- 04- 06","19.2454","19.2444","19.5240","19.1507","","0.03%"
"2023- 04- 05","19.2394","19.2180","19.3483","19.1166","","0.17%"
"2023- 04- 04","19.2062","19.1952","19.3202","19.0923","","0.16%"
"2023- 04- 03","19.1749","19.1863","19.2932","19.0898","","0.09%"
"2023- 03- 31","19.1582","19.1726","19.2887","19.0660","","-0.05%"
"2023- 03- 30","19.1676","19.1385","19.2720","19.0386","","0.29%"
"2023- 03- 29","19.1126","19.1164","19.2393","19.0187","","0.01%"
"2023- 03- 28","19.1115","19.0922","19.2281","19.0009","","0.11%"
"2023- 03- 27","19.0898","19.0589","19.1880","18.9700","","0.23%"
"2023- 03- 24","19.0457","19.0392","19.2557","18.9500","","0.22%"
"2023- 03- 23","19.0046","19.0427","19.1469","18.9163","","-0.17%"
"2023- 03- 22","19.0371","19.0317","19.1353","18.9294","","0.12%"
"2023- 03- 21","19.0150","19.0091","19.1236","18.8022","","0.09%"
"2023- 03- 20","18.9983","19.0111","19.1090","18.9035","","-0.06%"
"2023- 03- 17","19.0095","19.0027","19.1043","18.9030","","0.18%"
"2023- 03- 16","18.9761","18.9888","19.1400","18.6445","","0.01%"
"2023- 03- 15","18.9746","18.9750","19.3368","18.8780","","0.00%"
"2023- 03- 14","18.9747","18.9693","19.1220","18.8040","","0.04%"
"2023- 03- 13","18.9664","18.9548","19.1120","18.7880","","0.06%"
"2023- 03- 10","18.9551","18.9522","19.0727","18.8230","","0.04%"
"2023- 03- 09","18.9479","18.9368","19.0595","18.8237","","0.12%"
"2023- 03- 08","18.9257","18.9219","19.0535","18.8202","","0.19%"
"2023- 03- 07","18.8901","18.8995","19.0373","18.7871","","-0.04%"
"2023- 03- 06","18.8974","18.8244","18.9994","18.7585","","0.41%"
"2023- 03- 03","18.8195","18.8648","18.9881","18.7062","","-0.24%"
"2023- 03- 02","18.8639","18.8845","18.9804","18.7804","","-0.08%"
"2023- 03- 01","18.8795","18.8847","18.9678","18.7855","","0.02%"
"2023- 02- 28","18.8761","18.8839","19.0166","18.7715","","-0.02%"
"2023- 02- 27","18.8793","18.8620","19.0019","18.7587","","0.06%"
"2023- 02- 24","18.8676","18.8813","18.9707","18.7621","","-0.02%"
"2023- 02- 23","18.8721","18.8702","18.9592","18.7750","","0.13%"
"2023- 02- 22","18.8467","18.8715","18.9584","18.7509","","-0.07%"
"2023- 02- 21","18.8608","18.8748","18.9641","18.7568","","-0.06%"
"2023- 02- 20","18.8727","18.8590","18.9583","18.7494","","0.25%"
"2023- 02- 17","18.8247","18.8481","18.9541","18.7475","","-0.07%"
"2023- 02- 16","18.8380","18.8513","18.9431","18.7472","","0.01%"
"2023- 02- 15","18.8359","18.8395","19.0370","18.7355","","0.02%"
"2023- 02- 14","18.8315","18.8390","18.9309","18.7367","","0.01%"
"2023- 02- 13","18.8288","18.8155","18.9211","18.7157","","0.10%"
"2023- 02- 10","18.8107","18.8286","18.9254","18.7248","","-0.05%"
"2023- 02- 09","18.8199","18.8290","18.9139","18.7348","","-0.02%"
"2023- 02- 08","18.8232","18.8249","18.9230","18.7309","","0.05%"
"2023- 02- 07","18.8146","18.8258","18.9179","18.7215","","0.00%"
"2023- 02- 06","18.8137","18.8207","18.9170","18.7122","","-0.03%"
"2023- 02- 03","18.8186","18.8067","18.9217","18.7189","","0.14%"
"2023- 02- 02","18.7920","18.8067","18.8968","18.7143","","-0.02%"
"2023- 02- 01","18.7964","18.8115","18.9091","18.7140","","-0.05%"
"2023- 01- 31","18.8064","18.7903","18.9014","18.6956","","0.11%"
"2023- 01- 30","18.7851","18.8110","18.9114","18.6870","","-0.12%"
"2023- 01- 27","18.8079","18.8039","18.8930","18.7101","","0.06%"
"2023- 01- 26","18.7963","18.7973","18.8945","18.7055","","0.11%"
"2023- 01- 25","18.7753","18.8267","18.9004","18.7074","","-0.25%"
"2023- 01- 24","18.8230","18.8113","18.8939","18.5960","","0.09%"
"2023- 01- 23","18.8052","18.7611","18.9013","18.6800","","0.25%"
"2023- 01- 20","18.7579","18.7602","18.9004","18.6820","","0.00%"
"2023- 01- 19","18.7578","18.7621","18.8766","18.6785","","-0.01%"
"2023- 01- 18","18.7588","18.7526","18.8760","18.6705","","0.27%"
"2023- 01- 17","18.7083","18.7914","18.8759","18.6634","","-0.46%"
"2023- 01- 16","18.7956","18.8027","18.8914","18.6900","","0.08%"
"2023- 01- 13","18.7806","18.7808","18.8816","18.6825","","0.05%"
"2023- 01- 12","18.7709","18.7775","18.8655","18.6700","","-0.02%"
"2023- 01- 11","18.7754","18.7782","18.8827","18.6704","","0.01%"
"2023- 01- 10","18.7738","18.7757","18.8652","18.5917","","0.05%"
"2023- 01- 09","18.7652","18.7349","18.8731","18.6280","","0.07%"
"2023- 01- 06","18.7524","18.7647","18.8682","18.6402","","-0.05%"
"2023- 01- 05","18.7616","18.7439","18.8535","18.6455","","0.12%"
"2023- 01- 04","18.7387","18.7292","18.8304","18.6346","","0.15%"
"2023- 01- 03","18.7108","18.7148","18.8168","18.6084","","-0.01%"
"2023- 01- 02","18.7120","18.6985","18.8157","18.5790","","0.13%"